"gse_accession","gsm_accession","title","source_name","analysis_role","eligible_for_stiffness_cross_check","cell_model_condition","stiffness_value_original","stiffness_unit","stiffness_value_kPa","log10_stiffness_kPa","timepoint","technical_or_biological_replicate_label","proliferation_state","biological_unit","timepoint_factor"
"GSE276045","GSM8489997","WT, 2.3GPa, timepoint 1, RNA-Seq 1, replicate 1","WI-38 cell line","S3_WI38_stiffness_x_cell_model_cross_check",TRUE,"WT",2.3,"GPa",2300000,6.36172783601759,1,1,"not_measured_or_not_resolved","WT_timepoint_1_replicate_1","1"
"GSE276045","GSM8489998","WT, 2.3GPa, timepoint 1, RNA-Seq 1, replicate 2","WI-38 cell line","S3_WI38_stiffness_x_cell_model_cross_check",TRUE,"WT",2.3,"GPa",2300000,6.36172783601759,1,2,"not_measured_or_not_resolved","WT_timepoint_1_replicate_2","1"
"GSE276045","GSM8489999","WT, 2.3GPa, timepoint 1, RNA-Seq 1, replicate 3","WI-38 cell line","S3_WI38_stiffness_x_cell_model_cross_check",TRUE,"WT",2.3,"GPa",2300000,6.36172783601759,1,3,"not_measured_or_not_resolved","WT_timepoint_1_replicate_3","1"
"GSE276045","GSM8490000","hTERT, 2.3GPa, timepoint 1, RNA-Seq 1, replicate 1","WI-38 cell line","S3_WI38_stiffness_x_cell_model_cross_check",TRUE,"hTERT",2.3,"GPa",2300000,6.36172783601759,1,1,"not_measured_or_not_resolved","hTERT_timepoint_1_replicate_1","1"
"GSE276045","GSM8490001","hTERT, 2.3GPa, timepoint 1, RNA-Seq 1, replicate 2","WI-38 cell line","S3_WI38_stiffness_x_cell_model_cross_check",TRUE,"hTERT",2.3,"GPa",2300000,6.36172783601759,1,2,"not_measured_or_not_resolved","hTERT_timepoint_1_replicate_2","1"
"GSE276045","GSM8490002","hTERT, 2.3GPa, timepoint 1, RNA-Seq 1, replicate 3","WI-38 cell line","S3_WI38_stiffness_x_cell_model_cross_check",TRUE,"hTERT",2.3,"GPa",2300000,6.36172783601759,1,3,"not_measured_or_not_resolved","hTERT_timepoint_1_replicate_3","1"
"GSE276045","GSM8490003","WT, 0.5kPa, timepoint 1, RNA-Seq 1, replicate 1","WI-38 cell line","S3_WI38_stiffness_x_cell_model_cross_check",TRUE,"WT",0.5,"kPa",0.5,-0.301029995663981,1,1,"not_measured_or_not_resolved","WT_timepoint_1_replicate_1","1"
"GSE276045","GSM8490004","WT, 0.5kPa, timepoint 1, RNA-Seq 1, replicate 2","WI-38 cell line","S3_WI38_stiffness_x_cell_model_cross_check",TRUE,"WT",0.5,"kPa",0.5,-0.301029995663981,1,2,"not_measured_or_not_resolved","WT_timepoint_1_replicate_2","1"
"GSE276045","GSM8490005","WT, 0.5kPa, timepoint 1, RNA-Seq 1, replicate 3","WI-38 cell line","S3_WI38_stiffness_x_cell_model_cross_check",TRUE,"WT",0.5,"kPa",0.5,-0.301029995663981,1,3,"not_measured_or_not_resolved","WT_timepoint_1_replicate_3","1"
"GSE276045","GSM8490006","hTERT, 0.5kPa, timepoint 1, RNA-Seq 1, replicate 1","WI-38 cell line","S3_WI38_stiffness_x_cell_model_cross_check",TRUE,"hTERT",0.5,"kPa",0.5,-0.301029995663981,1,1,"not_measured_or_not_resolved","hTERT_timepoint_1_replicate_1","1"
"GSE276045","GSM8490007","hTERT, 0.5kPa, timepoint 1, RNA-Seq 1, replicate 2","WI-38 cell line","S3_WI38_stiffness_x_cell_model_cross_check",TRUE,"hTERT",0.5,"kPa",0.5,-0.301029995663981,1,2,"not_measured_or_not_resolved","hTERT_timepoint_1_replicate_2","1"
"GSE276045","GSM8490008","hTERT, 0.5kPa, timepoint 1, RNA-Seq 1, replicate 3","WI-38 cell line","S3_WI38_stiffness_x_cell_model_cross_check",TRUE,"hTERT",0.5,"kPa",0.5,-0.301029995663981,1,3,"not_measured_or_not_resolved","hTERT_timepoint_1_replicate_3","1"
"GSE276045","GSM8490009","WT, 2kPa, timepoint 1, RNA-Seq 1, replicate 1","WI-38 cell line","S3_WI38_stiffness_x_cell_model_cross_check",TRUE,"WT",2,"kPa",2,0.301029995663981,1,1,"not_measured_or_not_resolved","WT_timepoint_1_replicate_1","1"
"GSE276045","GSM8490010","WT, 2kPa, timepoint 1, RNA-Seq 1, replicate 2","WI-38 cell line","S3_WI38_stiffness_x_cell_model_cross_check",TRUE,"WT",2,"kPa",2,0.301029995663981,1,2,"not_measured_or_not_resolved","WT_timepoint_1_replicate_2","1"
"GSE276045","GSM8490011","WT, 2kPa, timepoint 1, RNA-Seq 1, replicate 3","WI-38 cell line","S3_WI38_stiffness_x_cell_model_cross_check",TRUE,"WT",2,"kPa",2,0.301029995663981,1,3,"not_measured_or_not_resolved","WT_timepoint_1_replicate_3","1"
"GSE276045","GSM8490012","hTERT, 2kPa, timepoint 1, RNA-Seq 1, replicate 1","WI-38 cell line","S3_WI38_stiffness_x_cell_model_cross_check",TRUE,"hTERT",2,"kPa",2,0.301029995663981,1,1,"not_measured_or_not_resolved","hTERT_timepoint_1_replicate_1","1"
"GSE276045","GSM8490013","hTERT, 2kPa, timepoint 1, RNA-Seq 1, replicate 2","WI-38 cell line","S3_WI38_stiffness_x_cell_model_cross_check",TRUE,"hTERT",2,"kPa",2,0.301029995663981,1,2,"not_measured_or_not_resolved","hTERT_timepoint_1_replicate_2","1"
"GSE276045","GSM8490014","hTERT, 2kPa, timepoint 1, RNA-Seq 1, replicate 3","WI-38 cell line","S3_WI38_stiffness_x_cell_model_cross_check",TRUE,"hTERT",2,"kPa",2,0.301029995663981,1,3,"not_measured_or_not_resolved","hTERT_timepoint_1_replicate_3","1"
"GSE276045","GSM8490015","WT, 16kPa, timepoint 1, RNA-Seq 1, replicate 1","WI-38 cell line","S3_WI38_stiffness_x_cell_model_cross_check",TRUE,"WT",16,"kPa",16,1.20411998265592,1,1,"not_measured_or_not_resolved","WT_timepoint_1_replicate_1","1"
"GSE276045","GSM8490016","WT, 16kPa, timepoint 1, RNA-Seq 1, replicate 2","WI-38 cell line","S3_WI38_stiffness_x_cell_model_cross_check",TRUE,"WT",16,"kPa",16,1.20411998265592,1,2,"not_measured_or_not_resolved","WT_timepoint_1_replicate_2","1"
"GSE276045","GSM8490017","WT, 16kPa, timepoint 1, RNA-Seq 1, replicate 3","WI-38 cell line","S3_WI38_stiffness_x_cell_model_cross_check",TRUE,"WT",16,"kPa",16,1.20411998265592,1,3,"not_measured_or_not_resolved","WT_timepoint_1_replicate_3","1"
"GSE276045","GSM8490018","hTERT, 16kPa, timepoint 1, RNA-Seq 1, replicate 1","WI-38 cell line","S3_WI38_stiffness_x_cell_model_cross_check",TRUE,"hTERT",16,"kPa",16,1.20411998265592,1,1,"not_measured_or_not_resolved","hTERT_timepoint_1_replicate_1","1"
"GSE276045","GSM8490019","hTERT, 16kPa, timepoint 1, RNA-Seq 1, replicate 2","WI-38 cell line","S3_WI38_stiffness_x_cell_model_cross_check",TRUE,"hTERT",16,"kPa",16,1.20411998265592,1,2,"not_measured_or_not_resolved","hTERT_timepoint_1_replicate_2","1"
"GSE276045","GSM8490020","hTERT, 16kPa, timepoint 1, RNA-Seq 1, replicate 3","WI-38 cell line","S3_WI38_stiffness_x_cell_model_cross_check",TRUE,"hTERT",16,"kPa",16,1.20411998265592,1,3,"not_measured_or_not_resolved","hTERT_timepoint_1_replicate_3","1"
"GSE276045","GSM8490021","WT, 32kPa, timepoint 1, RNA-Seq 1, replicate 1","WI-38 cell line","S3_WI38_stiffness_x_cell_model_cross_check",TRUE,"WT",32,"kPa",32,1.50514997831991,1,1,"not_measured_or_not_resolved","WT_timepoint_1_replicate_1","1"
"GSE276045","GSM8490022","WT, 32kPa, timepoint 1, RNA-Seq 1, replicate 2","WI-38 cell line","S3_WI38_stiffness_x_cell_model_cross_check",TRUE,"WT",32,"kPa",32,1.50514997831991,1,2,"not_measured_or_not_resolved","WT_timepoint_1_replicate_2","1"
"GSE276045","GSM8490023","WT, 32kPa, timepoint 1, RNA-Seq 1, replicate 3","WI-38 cell line","S3_WI38_stiffness_x_cell_model_cross_check",TRUE,"WT",32,"kPa",32,1.50514997831991,1,3,"not_measured_or_not_resolved","WT_timepoint_1_replicate_3","1"
"GSE276045","GSM8490024","hTERT, 32kPa, timepoint 1, RNA-Seq 1, replicate 1","WI-38 cell line","S3_WI38_stiffness_x_cell_model_cross_check",TRUE,"hTERT",32,"kPa",32,1.50514997831991,1,1,"not_measured_or_not_resolved","hTERT_timepoint_1_replicate_1","1"
"GSE276045","GSM8490025","hTERT, 32kPa, timepoint 1, RNA-Seq 1, replicate 2","WI-38 cell line","S3_WI38_stiffness_x_cell_model_cross_check",TRUE,"hTERT",32,"kPa",32,1.50514997831991,1,2,"not_measured_or_not_resolved","hTERT_timepoint_1_replicate_2","1"
"GSE276045","GSM8490026","hTERT, 32kPa, timepoint 1, RNA-Seq 1, replicate 3","WI-38 cell line","S3_WI38_stiffness_x_cell_model_cross_check",TRUE,"hTERT",32,"kPa",32,1.50514997831991,1,3,"not_measured_or_not_resolved","hTERT_timepoint_1_replicate_3","1"
"GSE276045","GSM8490027","WT, 2.3GPa, timepoint 2, RNA-Seq 1, replicate1","WI-38 cell line","S3_WI38_stiffness_x_cell_model_cross_check",TRUE,"WT",2.3,"GPa",2300000,6.36172783601759,2,1,"not_measured_or_not_resolved","WT_timepoint_2_replicate_1","2"
"GSE276045","GSM8490028","WT, 2.3GPa, timepoint 2, RNA-Seq 1, replicate 2","WI-38 cell line","S3_WI38_stiffness_x_cell_model_cross_check",TRUE,"WT",2.3,"GPa",2300000,6.36172783601759,2,2,"not_measured_or_not_resolved","WT_timepoint_2_replicate_2","2"
"GSE276045","GSM8490029","hTERT, 2.3GPa, timepoint 2, RNA-Seq 1, replicate 1","WI-38 cell line","S3_WI38_stiffness_x_cell_model_cross_check",TRUE,"hTERT",2.3,"GPa",2300000,6.36172783601759,2,1,"not_measured_or_not_resolved","hTERT_timepoint_2_replicate_1","2"
"GSE276045","GSM8490030","hTERT, 2.3GPa, timepoint 2, RNA-Seq 1, replicate 2","WI-38 cell line","S3_WI38_stiffness_x_cell_model_cross_check",TRUE,"hTERT",2.3,"GPa",2300000,6.36172783601759,2,2,"not_measured_or_not_resolved","hTERT_timepoint_2_replicate_2","2"
"GSE276045","GSM8490031","hTERT, 2.3GPa, timepoint 2, RNA-Seq 1, replicate 3","WI-38 cell line","S3_WI38_stiffness_x_cell_model_cross_check",TRUE,"hTERT",2.3,"GPa",2300000,6.36172783601759,2,3,"not_measured_or_not_resolved","hTERT_timepoint_2_replicate_3","2"
"GSE276045","GSM8490032","WT, 0.5kPa, timepoint 2, RNA-Seq 1, replicate 1","WI-38 cell line","S3_WI38_stiffness_x_cell_model_cross_check",TRUE,"WT",0.5,"kPa",0.5,-0.301029995663981,2,1,"not_measured_or_not_resolved","WT_timepoint_2_replicate_1","2"
"GSE276045","GSM8490033","WT, 0.5kPa, timepoint 2, RNA-Seq 1, replicate 2","WI-38 cell line","S3_WI38_stiffness_x_cell_model_cross_check",TRUE,"WT",0.5,"kPa",0.5,-0.301029995663981,2,2,"not_measured_or_not_resolved","WT_timepoint_2_replicate_2","2"
"GSE276045","GSM8490034","WT, 0.5kPa, timepoint 2, RNA-Seq 1, replicate 3","WI-38 cell line","S3_WI38_stiffness_x_cell_model_cross_check",TRUE,"WT",0.5,"kPa",0.5,-0.301029995663981,2,3,"not_measured_or_not_resolved","WT_timepoint_2_replicate_3","2"
"GSE276045","GSM8490035","hTERT, 0.5kPa, timepoint 2, RNA-Seq 1, replicate 1","WI-38 cell line","S3_WI38_stiffness_x_cell_model_cross_check",TRUE,"hTERT",0.5,"kPa",0.5,-0.301029995663981,2,1,"not_measured_or_not_resolved","hTERT_timepoint_2_replicate_1","2"
"GSE276045","GSM8490036","hTERT, 0.5kPa, timepoint 2, RNA-Seq 1, replicate 2","WI-38 cell line","S3_WI38_stiffness_x_cell_model_cross_check",TRUE,"hTERT",0.5,"kPa",0.5,-0.301029995663981,2,2,"not_measured_or_not_resolved","hTERT_timepoint_2_replicate_2","2"
"GSE276045","GSM8490037","hTERT, 0.5kPa, timepoint 2, RNA-Seq 1, replicate 3","WI-38 cell line","S3_WI38_stiffness_x_cell_model_cross_check",TRUE,"hTERT",0.5,"kPa",0.5,-0.301029995663981,2,3,"not_measured_or_not_resolved","hTERT_timepoint_2_replicate_3","2"
"GSE276045","GSM8490038","WT, 2kPa, timepoint 2, RNA-Seq 1, replicate 1","WI-38 cell line","S3_WI38_stiffness_x_cell_model_cross_check",TRUE,"WT",2,"kPa",2,0.301029995663981,2,1,"not_measured_or_not_resolved","WT_timepoint_2_replicate_1","2"
"GSE276045","GSM8490039","WT, 2kPa, timepoint 2, RNA-Seq 1, replicate 2","WI-38 cell line","S3_WI38_stiffness_x_cell_model_cross_check",TRUE,"WT",2,"kPa",2,0.301029995663981,2,2,"not_measured_or_not_resolved","WT_timepoint_2_replicate_2","2"
"GSE276045","GSM8490040","WT, 2kPa, timepoint 2, RNA-Seq 1, replicate 3","WI-38 cell line","S3_WI38_stiffness_x_cell_model_cross_check",TRUE,"WT",2,"kPa",2,0.301029995663981,2,3,"not_measured_or_not_resolved","WT_timepoint_2_replicate_3","2"
"GSE276045","GSM8490041","hTERT, 2kPa, timepoint 2, RNA-Seq 1, replicate 1","WI-38 cell line","S3_WI38_stiffness_x_cell_model_cross_check",TRUE,"hTERT",2,"kPa",2,0.301029995663981,2,1,"not_measured_or_not_resolved","hTERT_timepoint_2_replicate_1","2"
"GSE276045","GSM8490042","hTERT, 2kPa, timepoint 2, RNA-Seq 1, replicate 2","WI-38 cell line","S3_WI38_stiffness_x_cell_model_cross_check",TRUE,"hTERT",2,"kPa",2,0.301029995663981,2,2,"not_measured_or_not_resolved","hTERT_timepoint_2_replicate_2","2"
"GSE276045","GSM8490043","hTERT, 2kPa, timepoint 2, RNA-Seq 1, replicate 3","WI-38 cell line","S3_WI38_stiffness_x_cell_model_cross_check",TRUE,"hTERT",2,"kPa",2,0.301029995663981,2,3,"not_measured_or_not_resolved","hTERT_timepoint_2_replicate_3","2"
"GSE276045","GSM8490044","WT, 16kPa, timepoint 2, RNA-Seq 1, replicate 1","WI-38 cell line","S3_WI38_stiffness_x_cell_model_cross_check",TRUE,"WT",16,"kPa",16,1.20411998265592,2,1,"not_measured_or_not_resolved","WT_timepoint_2_replicate_1","2"
"GSE276045","GSM8490045","WT, 16kPa, timepoint 2, RNA-Seq 1, replicate 2","WI-38 cell line","S3_WI38_stiffness_x_cell_model_cross_check",TRUE,"WT",16,"kPa",16,1.20411998265592,2,2,"not_measured_or_not_resolved","WT_timepoint_2_replicate_2","2"
"GSE276045","GSM8490046","WT, 16kPa, timepoint 2, RNA-Seq 1, replicate 3","WI-38 cell line","S3_WI38_stiffness_x_cell_model_cross_check",TRUE,"WT",16,"kPa",16,1.20411998265592,2,3,"not_measured_or_not_resolved","WT_timepoint_2_replicate_3","2"
"GSE276045","GSM8490047","hTERT, 16kPa, timepoint 2, RNA-Seq 1, replicate 1","WI-38 cell line","S3_WI38_stiffness_x_cell_model_cross_check",TRUE,"hTERT",16,"kPa",16,1.20411998265592,2,1,"not_measured_or_not_resolved","hTERT_timepoint_2_replicate_1","2"
"GSE276045","GSM8490048","hTERT, 16kPa, timepoint 2, RNA-Seq 1, replicate 2","WI-38 cell line","S3_WI38_stiffness_x_cell_model_cross_check",TRUE,"hTERT",16,"kPa",16,1.20411998265592,2,2,"not_measured_or_not_resolved","hTERT_timepoint_2_replicate_2","2"
"GSE276045","GSM8490049","hTERT, 16kPa, timepoint 2, RNA-Seq 1, replicate 3","WI-38 cell line","S3_WI38_stiffness_x_cell_model_cross_check",TRUE,"hTERT",16,"kPa",16,1.20411998265592,2,3,"not_measured_or_not_resolved","hTERT_timepoint_2_replicate_3","2"
"GSE276045","GSM8490050","WT, 32kPa, timepoint 2, RNA-Seq 1, replicate 1","WI-38 cell line","S3_WI38_stiffness_x_cell_model_cross_check",TRUE,"WT",32,"kPa",32,1.50514997831991,2,1,"not_measured_or_not_resolved","WT_timepoint_2_replicate_1","2"
"GSE276045","GSM8490051","WT, 32kPa, timepoint 2, RNA-Seq 1, replicate 2","WI-38 cell line","S3_WI38_stiffness_x_cell_model_cross_check",TRUE,"WT",32,"kPa",32,1.50514997831991,2,2,"not_measured_or_not_resolved","WT_timepoint_2_replicate_2","2"
"GSE276045","GSM8490052","WT, 32kPa, timepoint 2, RNA-Seq 1, replicate 3","WI-38 cell line","S3_WI38_stiffness_x_cell_model_cross_check",TRUE,"WT",32,"kPa",32,1.50514997831991,2,3,"not_measured_or_not_resolved","WT_timepoint_2_replicate_3","2"
"GSE276045","GSM8490053","hTERT, 32kPa, timepoint 2, RNA-Seq 1, replicate 1","WI-38 cell line","S3_WI38_stiffness_x_cell_model_cross_check",TRUE,"hTERT",32,"kPa",32,1.50514997831991,2,1,"not_measured_or_not_resolved","hTERT_timepoint_2_replicate_1","2"
"GSE276045","GSM8490054","hTERT, 32kPa, timepoint 2, RNA-Seq 1, replicate 2","WI-38 cell line","S3_WI38_stiffness_x_cell_model_cross_check",TRUE,"hTERT",32,"kPa",32,1.50514997831991,2,2,"not_measured_or_not_resolved","hTERT_timepoint_2_replicate_2","2"
"GSE276045","GSM8490055","hTERT, 32kPa, timepoint 2, RNA-Seq 1, replicate 3","WI-38 cell line","S3_WI38_stiffness_x_cell_model_cross_check",TRUE,"hTERT",32,"kPa",32,1.50514997831991,2,3,"not_measured_or_not_resolved","hTERT_timepoint_2_replicate_3","2"
"GSE276045","GSM8490056","WT, 2.3GPa, timepoint 3, RNA-Seq 1, replicate 1","WI-38 cell line","S3_WI38_stiffness_x_cell_model_cross_check",TRUE,"WT",2.3,"GPa",2300000,6.36172783601759,3,1,"not_measured_or_not_resolved","WT_timepoint_3_replicate_1","3"
"GSE276045","GSM8490057","WT, 2.3GPa, timepoint 3, RNA-Seq 1, replicate 2","WI-38 cell line","S3_WI38_stiffness_x_cell_model_cross_check",TRUE,"WT",2.3,"GPa",2300000,6.36172783601759,3,2,"not_measured_or_not_resolved","WT_timepoint_3_replicate_2","3"
"GSE276045","GSM8490058","WT, 2.3GPa, timepoint 3, RNA-Seq 1, replicate 3","WI-38 cell line","S3_WI38_stiffness_x_cell_model_cross_check",TRUE,"WT",2.3,"GPa",2300000,6.36172783601759,3,3,"not_measured_or_not_resolved","WT_timepoint_3_replicate_3","3"
"GSE276045","GSM8490059","hTERT, 2.3GPa, timepoint 3, RNA-Seq 1, replicate 1","WI-38 cell line","S3_WI38_stiffness_x_cell_model_cross_check",TRUE,"hTERT",2.3,"GPa",2300000,6.36172783601759,3,1,"not_measured_or_not_resolved","hTERT_timepoint_3_replicate_1","3"
"GSE276045","GSM8490060","hTERT, 2.3GPa, timepoint 3, RNA-Seq 1, replicate 2","WI-38 cell line","S3_WI38_stiffness_x_cell_model_cross_check",TRUE,"hTERT",2.3,"GPa",2300000,6.36172783601759,3,2,"not_measured_or_not_resolved","hTERT_timepoint_3_replicate_2","3"
"GSE276045","GSM8490061","hTERT, 2.3GPa, timepoint 3, RNA-Seq 1, replicate 3","WI-38 cell line","S3_WI38_stiffness_x_cell_model_cross_check",TRUE,"hTERT",2.3,"GPa",2300000,6.36172783601759,3,3,"not_measured_or_not_resolved","hTERT_timepoint_3_replicate_3","3"
"GSE276045","GSM8490062","WT, 0.5kPa, timepoint 3, RNA-Seq 1, replicate 1","WI-38 cell line","S3_WI38_stiffness_x_cell_model_cross_check",TRUE,"WT",0.5,"kPa",0.5,-0.301029995663981,3,1,"not_measured_or_not_resolved","WT_timepoint_3_replicate_1","3"
"GSE276045","GSM8490063","WT, 0.5kPa, timepoint 3, RNA-Seq 1, replicate 2","WI-38 cell line","S3_WI38_stiffness_x_cell_model_cross_check",TRUE,"WT",0.5,"kPa",0.5,-0.301029995663981,3,2,"not_measured_or_not_resolved","WT_timepoint_3_replicate_2","3"
"GSE276045","GSM8490064","WT, 0.5kPa, timepoint 3, RNA-Seq 1, replicate 3","WI-38 cell line","S3_WI38_stiffness_x_cell_model_cross_check",TRUE,"WT",0.5,"kPa",0.5,-0.301029995663981,3,3,"not_measured_or_not_resolved","WT_timepoint_3_replicate_3","3"
"GSE276045","GSM8490065","hTERT, 0.5kPa, timepoint 3, RNA-Seq 1, replicate 1","WI-38 cell line","S3_WI38_stiffness_x_cell_model_cross_check",TRUE,"hTERT",0.5,"kPa",0.5,-0.301029995663981,3,1,"not_measured_or_not_resolved","hTERT_timepoint_3_replicate_1","3"
"GSE276045","GSM8490066","hTERT, 0.5kPa, timepoint 3, RNA-Seq 1, replicate 2","WI-38 cell line","S3_WI38_stiffness_x_cell_model_cross_check",TRUE,"hTERT",0.5,"kPa",0.5,-0.301029995663981,3,2,"not_measured_or_not_resolved","hTERT_timepoint_3_replicate_2","3"
"GSE276045","GSM8490067","hTERT, 0.5kPa, timepoint 3, RNA-Seq 1, replicate 3","WI-38 cell line","S3_WI38_stiffness_x_cell_model_cross_check",TRUE,"hTERT",0.5,"kPa",0.5,-0.301029995663981,3,3,"not_measured_or_not_resolved","hTERT_timepoint_3_replicate_3","3"
"GSE276045","GSM8490068","WT, 2kPa, timepoint 3, RNA-Seq 1, replicate 1","WI-38 cell line","S3_WI38_stiffness_x_cell_model_cross_check",TRUE,"WT",2,"kPa",2,0.301029995663981,3,1,"not_measured_or_not_resolved","WT_timepoint_3_replicate_1","3"
"GSE276045","GSM8490069","WT, 2kPa, timepoint 3, RNA-Seq 1, replicate 2","WI-38 cell line","S3_WI38_stiffness_x_cell_model_cross_check",TRUE,"WT",2,"kPa",2,0.301029995663981,3,2,"not_measured_or_not_resolved","WT_timepoint_3_replicate_2","3"
"GSE276045","GSM8490070","WT, 2kPa, timepoint 3, RNA-Seq 1, replicate 3","WI-38 cell line","S3_WI38_stiffness_x_cell_model_cross_check",TRUE,"WT",2,"kPa",2,0.301029995663981,3,3,"not_measured_or_not_resolved","WT_timepoint_3_replicate_3","3"
"GSE276045","GSM8490071","hTERT, 2kPa, timepoint 3, RNA-Seq 1, replicate 1","WI-38 cell line","S3_WI38_stiffness_x_cell_model_cross_check",TRUE,"hTERT",2,"kPa",2,0.301029995663981,3,1,"not_measured_or_not_resolved","hTERT_timepoint_3_replicate_1","3"
"GSE276045","GSM8490072","hTERT, 2kPa, timepoint 3, RNA-Seq 1, replicate 2","WI-38 cell line","S3_WI38_stiffness_x_cell_model_cross_check",TRUE,"hTERT",2,"kPa",2,0.301029995663981,3,2,"not_measured_or_not_resolved","hTERT_timepoint_3_replicate_2","3"
"GSE276045","GSM8490073","hTERT, 2kPa, timepoint 3, RNA-Seq 1, replicate 3","WI-38 cell line","S3_WI38_stiffness_x_cell_model_cross_check",TRUE,"hTERT",2,"kPa",2,0.301029995663981,3,3,"not_measured_or_not_resolved","hTERT_timepoint_3_replicate_3","3"
"GSE276045","GSM8490074","WT, 16kPa, timepoint 3, RNA-Seq 1, replicate 1","WI-38 cell line","S3_WI38_stiffness_x_cell_model_cross_check",TRUE,"WT",16,"kPa",16,1.20411998265592,3,1,"not_measured_or_not_resolved","WT_timepoint_3_replicate_1","3"
"GSE276045","GSM8490075","WT, 16kPa, timepoint 3, RNA-Seq 1, replicate 2","WI-38 cell line","S3_WI38_stiffness_x_cell_model_cross_check",TRUE,"WT",16,"kPa",16,1.20411998265592,3,2,"not_measured_or_not_resolved","WT_timepoint_3_replicate_2","3"
"GSE276045","GSM8490076","WT, 16kPa, timepoint 3, RNA-Seq 1, replicate 3","WI-38 cell line","S3_WI38_stiffness_x_cell_model_cross_check",TRUE,"WT",16,"kPa",16,1.20411998265592,3,3,"not_measured_or_not_resolved","WT_timepoint_3_replicate_3","3"
"GSE276045","GSM8490077","hTERT, 16kPa, timepoint 3, RNA-Seq 1, replicate 1","WI-38 cell line","S3_WI38_stiffness_x_cell_model_cross_check",TRUE,"hTERT",16,"kPa",16,1.20411998265592,3,1,"not_measured_or_not_resolved","hTERT_timepoint_3_replicate_1","3"
"GSE276045","GSM8490078","hTERT, 16kPa, timepoint 3, RNA-Seq 1, replicate 2","WI-38 cell line","S3_WI38_stiffness_x_cell_model_cross_check",TRUE,"hTERT",16,"kPa",16,1.20411998265592,3,2,"not_measured_or_not_resolved","hTERT_timepoint_3_replicate_2","3"
"GSE276045","GSM8490079","hTERT, 16kPa, timepoint 3, RNA-Seq 1, replicate 3","WI-38 cell line","S3_WI38_stiffness_x_cell_model_cross_check",TRUE,"hTERT",16,"kPa",16,1.20411998265592,3,3,"not_measured_or_not_resolved","hTERT_timepoint_3_replicate_3","3"
"GSE276045","GSM8490080","WT, 32kPa, timepoint 3, RNA-Seq 1, replicate 1","WI-38 cell line","S3_WI38_stiffness_x_cell_model_cross_check",TRUE,"WT",32,"kPa",32,1.50514997831991,3,1,"not_measured_or_not_resolved","WT_timepoint_3_replicate_1","3"
"GSE276045","GSM8490081","WT, 32kPa, timepoint 3, RNA-Seq 1, replicate 2","WI-38 cell line","S3_WI38_stiffness_x_cell_model_cross_check",TRUE,"WT",32,"kPa",32,1.50514997831991,3,2,"not_measured_or_not_resolved","WT_timepoint_3_replicate_2","3"
"GSE276045","GSM8490082","WT, 32kPa, timepoint 3, RNA-Seq 1, replicate 3","WI-38 cell line","S3_WI38_stiffness_x_cell_model_cross_check",TRUE,"WT",32,"kPa",32,1.50514997831991,3,3,"not_measured_or_not_resolved","WT_timepoint_3_replicate_3","3"
"GSE276045","GSM8490083","hTERT, 32kPa, timepoint 3, RNA-Seq 1, replicate 1","WI-38 cell line","S3_WI38_stiffness_x_cell_model_cross_check",TRUE,"hTERT",32,"kPa",32,1.50514997831991,3,1,"not_measured_or_not_resolved","hTERT_timepoint_3_replicate_1","3"
"GSE276045","GSM8490084","hTERT, 32kPa, timepoint 3, RNA-Seq 1, replicate 2","WI-38 cell line","S3_WI38_stiffness_x_cell_model_cross_check",TRUE,"hTERT",32,"kPa",32,1.50514997831991,3,2,"not_measured_or_not_resolved","hTERT_timepoint_3_replicate_2","3"
"GSE276045","GSM8490085","hTERT, 32kPa, timepoint 3, RNA-Seq 1, replicate 3","WI-38 cell line","S3_WI38_stiffness_x_cell_model_cross_check",TRUE,"hTERT",32,"kPa",32,1.50514997831991,3,3,"not_measured_or_not_resolved","hTERT_timepoint_3_replicate_3","3"
"GSE276045","GSM8490086","WT, 2.3GPa, timepoint 4, RNA-Seq 1, replicate 1","WI-38 cell line","S3_WI38_stiffness_x_cell_model_cross_check",TRUE,"WT",2.3,"GPa",2300000,6.36172783601759,4,1,"not_measured_or_not_resolved","WT_timepoint_4_replicate_1","4"
"GSE276045","GSM8490087","WT, 2.3GPa, timepoint 4, RNA-Seq 1, replicate 2","WI-38 cell line","S3_WI38_stiffness_x_cell_model_cross_check",TRUE,"WT",2.3,"GPa",2300000,6.36172783601759,4,2,"not_measured_or_not_resolved","WT_timepoint_4_replicate_2","4"
"GSE276045","GSM8490088","WT, 2.3GPa, timepoint 4, RNA-Seq 1, replicate 3","WI-38 cell line","S3_WI38_stiffness_x_cell_model_cross_check",TRUE,"WT",2.3,"GPa",2300000,6.36172783601759,4,3,"not_measured_or_not_resolved","WT_timepoint_4_replicate_3","4"
"GSE276045","GSM8490089","hTERT, 2.3GPa, timepoint 4, RNA-Seq 1, replicate 1","WI-38 cell line","S3_WI38_stiffness_x_cell_model_cross_check",TRUE,"hTERT",2.3,"GPa",2300000,6.36172783601759,4,1,"not_measured_or_not_resolved","hTERT_timepoint_4_replicate_1","4"
"GSE276045","GSM8490090","hTERT, 2.3GPa, timepoint 4, RNA-Seq 1, replicate 2","WI-38 cell line","S3_WI38_stiffness_x_cell_model_cross_check",TRUE,"hTERT",2.3,"GPa",2300000,6.36172783601759,4,2,"not_measured_or_not_resolved","hTERT_timepoint_4_replicate_2","4"
"GSE276045","GSM8490091","hTERT, 2.3GPa, timepoint 4, RNA-Seq 1, replicate 3","WI-38 cell line","S3_WI38_stiffness_x_cell_model_cross_check",TRUE,"hTERT",2.3,"GPa",2300000,6.36172783601759,4,3,"not_measured_or_not_resolved","hTERT_timepoint_4_replicate_3","4"
"GSE276045","GSM8490092","WT, 0.5kPa, timepoint 4, RNA-Seq 1, replicate 1","WI-38 cell line","S3_WI38_stiffness_x_cell_model_cross_check",TRUE,"WT",0.5,"kPa",0.5,-0.301029995663981,4,1,"not_measured_or_not_resolved","WT_timepoint_4_replicate_1","4"
"GSE276045","GSM8490093","WT, 0.5kPa, timepoint 4, RNA-Seq 1, replicate 2","WI-38 cell line","S3_WI38_stiffness_x_cell_model_cross_check",TRUE,"WT",0.5,"kPa",0.5,-0.301029995663981,4,2,"not_measured_or_not_resolved","WT_timepoint_4_replicate_2","4"
"GSE276045","GSM8490094","WT, 0.5kPa, timepoint 4, RNA-Seq 1, replicate 3","WI-38 cell line","S3_WI38_stiffness_x_cell_model_cross_check",TRUE,"WT",0.5,"kPa",0.5,-0.301029995663981,4,3,"not_measured_or_not_resolved","WT_timepoint_4_replicate_3","4"
"GSE276045","GSM8490095","hTERT, 0.5kPa, timepoint 4, RNA-Seq 1, replicate 1","WI-38 cell line","S3_WI38_stiffness_x_cell_model_cross_check",TRUE,"hTERT",0.5,"kPa",0.5,-0.301029995663981,4,1,"not_measured_or_not_resolved","hTERT_timepoint_4_replicate_1","4"
"GSE276045","GSM8490096","hTERT, 0.5kPa, timepoint 4, RNA-Seq 1, replicate 2","WI-38 cell line","S3_WI38_stiffness_x_cell_model_cross_check",TRUE,"hTERT",0.5,"kPa",0.5,-0.301029995663981,4,2,"not_measured_or_not_resolved","hTERT_timepoint_4_replicate_2","4"
"GSE276045","GSM8490097","hTERT, 0.5kPa, timepoint 4, RNA-Seq 1, replicate 3","WI-38 cell line","S3_WI38_stiffness_x_cell_model_cross_check",TRUE,"hTERT",0.5,"kPa",0.5,-0.301029995663981,4,3,"not_measured_or_not_resolved","hTERT_timepoint_4_replicate_3","4"
"GSE276045","GSM8490098","WT, 2kPa, timepoint 4, RNA-Seq 1, replicate 1","WI-38 cell line","S3_WI38_stiffness_x_cell_model_cross_check",TRUE,"WT",2,"kPa",2,0.301029995663981,4,1,"not_measured_or_not_resolved","WT_timepoint_4_replicate_1","4"
"GSE276045","GSM8490099","WT, 2kPa, timepoint 4, RNA-Seq 1, replicate 2","WI-38 cell line","S3_WI38_stiffness_x_cell_model_cross_check",TRUE,"WT",2,"kPa",2,0.301029995663981,4,2,"not_measured_or_not_resolved","WT_timepoint_4_replicate_2","4"
"GSE276045","GSM8490100","WT, 2kPa, timepoint 4, RNA-Seq 1, replicate 3","WI-38 cell line","S3_WI38_stiffness_x_cell_model_cross_check",TRUE,"WT",2,"kPa",2,0.301029995663981,4,3,"not_measured_or_not_resolved","WT_timepoint_4_replicate_3","4"
"GSE276045","GSM8490101","hTERT, 2kPa, timepoint 4, RNA-Seq 1, replicate 1","WI-38 cell line","S3_WI38_stiffness_x_cell_model_cross_check",TRUE,"hTERT",2,"kPa",2,0.301029995663981,4,1,"not_measured_or_not_resolved","hTERT_timepoint_4_replicate_1","4"
"GSE276045","GSM8490102","hTERT, 2kPa, timepoint 4, RNA-Seq 1, replicate 2","WI-38 cell line","S3_WI38_stiffness_x_cell_model_cross_check",TRUE,"hTERT",2,"kPa",2,0.301029995663981,4,2,"not_measured_or_not_resolved","hTERT_timepoint_4_replicate_2","4"
"GSE276045","GSM8490103","hTERT, 2kPa, timepoint 4, RNA-Seq 1, replicate 3","WI-38 cell line","S3_WI38_stiffness_x_cell_model_cross_check",TRUE,"hTERT",2,"kPa",2,0.301029995663981,4,3,"not_measured_or_not_resolved","hTERT_timepoint_4_replicate_3","4"
"GSE276045","GSM8490104","WT, 16kPa, timepoint 4, RNA-Seq 1, replicate 1","WI-38 cell line","S3_WI38_stiffness_x_cell_model_cross_check",TRUE,"WT",16,"kPa",16,1.20411998265592,4,1,"not_measured_or_not_resolved","WT_timepoint_4_replicate_1","4"
"GSE276045","GSM8490105","WT, 16kPa, timepoint 4, RNA-Seq 1, replicate 2","WI-38 cell line","S3_WI38_stiffness_x_cell_model_cross_check",TRUE,"WT",16,"kPa",16,1.20411998265592,4,2,"not_measured_or_not_resolved","WT_timepoint_4_replicate_2","4"
"GSE276045","GSM8490106","WT, 16kPa, timepoint 4, RNA-Seq 1, replicate 3","WI-38 cell line","S3_WI38_stiffness_x_cell_model_cross_check",TRUE,"WT",16,"kPa",16,1.20411998265592,4,3,"not_measured_or_not_resolved","WT_timepoint_4_replicate_3","4"
"GSE276045","GSM8490107","hTERT, 16kPa, timepoint 4, RNA-Seq 1, replicate 1","WI-38 cell line","S3_WI38_stiffness_x_cell_model_cross_check",TRUE,"hTERT",16,"kPa",16,1.20411998265592,4,1,"not_measured_or_not_resolved","hTERT_timepoint_4_replicate_1","4"
"GSE276045","GSM8490108","hTERT, 16kPa, timepoint 4, RNA-Seq 1, replicate 2","WI-38 cell line","S3_WI38_stiffness_x_cell_model_cross_check",TRUE,"hTERT",16,"kPa",16,1.20411998265592,4,2,"not_measured_or_not_resolved","hTERT_timepoint_4_replicate_2","4"
"GSE276045","GSM8490109","hTERT, 16kPa, timepoint 4, RNA-Seq 1, replicate 3","WI-38 cell line","S3_WI38_stiffness_x_cell_model_cross_check",TRUE,"hTERT",16,"kPa",16,1.20411998265592,4,3,"not_measured_or_not_resolved","hTERT_timepoint_4_replicate_3","4"
"GSE276045","GSM8490110","WT, 32kPa, timepoint 4, RNA-Seq 1, replicate 1","WI-38 cell line","S3_WI38_stiffness_x_cell_model_cross_check",TRUE,"WT",32,"kPa",32,1.50514997831991,4,1,"not_measured_or_not_resolved","WT_timepoint_4_replicate_1","4"
"GSE276045","GSM8490111","WT, 32kPa, timepoint 4, RNA-Seq 1, replicate 2","WI-38 cell line","S3_WI38_stiffness_x_cell_model_cross_check",TRUE,"WT",32,"kPa",32,1.50514997831991,4,2,"not_measured_or_not_resolved","WT_timepoint_4_replicate_2","4"
"GSE276045","GSM8490112","WT, 32kPa, timepoint 4, RNA-Seq 1, replicate 3","WI-38 cell line","S3_WI38_stiffness_x_cell_model_cross_check",TRUE,"WT",32,"kPa",32,1.50514997831991,4,3,"not_measured_or_not_resolved","WT_timepoint_4_replicate_3","4"
"GSE276045","GSM8490113","hTERT, 32kPa, timepoint 4, RNA-Seq 1, replicate 1","WI-38 cell line","S3_WI38_stiffness_x_cell_model_cross_check",TRUE,"hTERT",32,"kPa",32,1.50514997831991,4,1,"not_measured_or_not_resolved","hTERT_timepoint_4_replicate_1","4"
"GSE276045","GSM8490114","hTERT, 32kPa, timepoint 4, RNA-Seq 1, replicate 2","WI-38 cell line","S3_WI38_stiffness_x_cell_model_cross_check",TRUE,"hTERT",32,"kPa",32,1.50514997831991,4,2,"not_measured_or_not_resolved","hTERT_timepoint_4_replicate_2","4"
"GSE276045","GSM8490115","hTERT, 32kPa, timepoint 4, RNA-Seq 1, replicate 3","WI-38 cell line","S3_WI38_stiffness_x_cell_model_cross_check",TRUE,"hTERT",32,"kPa",32,1.50514997831991,4,3,"not_measured_or_not_resolved","hTERT_timepoint_4_replicate_3","4"
"GSE276045","GSM8490116","WT, 2.3GPa, timepoint 5, RNA-Seq 1, replicate 1","WI-38 cell line","S3_WI38_stiffness_x_cell_model_cross_check",TRUE,"WT",2.3,"GPa",2300000,6.36172783601759,5,1,"not_measured_or_not_resolved","WT_timepoint_5_replicate_1","5"
"GSE276045","GSM8490117","WT, 2.3GPa, timepoint 5, RNA-Seq 1, replicate 2","WI-38 cell line","S3_WI38_stiffness_x_cell_model_cross_check",TRUE,"WT",2.3,"GPa",2300000,6.36172783601759,5,2,"not_measured_or_not_resolved","WT_timepoint_5_replicate_2","5"
"GSE276045","GSM8490118","WT, 2.3GPa, timepoint 5, RNA-Seq 1, replicate 3","WI-38 cell line","S3_WI38_stiffness_x_cell_model_cross_check",TRUE,"WT",2.3,"GPa",2300000,6.36172783601759,5,3,"not_measured_or_not_resolved","WT_timepoint_5_replicate_3","5"
"GSE276045","GSM8490119","hTERT, 2.3GPa, timepoint 5, RNA-Seq 1, replicate 1","WI-38 cell line","S3_WI38_stiffness_x_cell_model_cross_check",TRUE,"hTERT",2.3,"GPa",2300000,6.36172783601759,5,1,"not_measured_or_not_resolved","hTERT_timepoint_5_replicate_1","5"
"GSE276045","GSM8490120","hTERT, 2.3GPa, timepoint 5, RNA-Seq 1, replicate 2","WI-38 cell line","S3_WI38_stiffness_x_cell_model_cross_check",TRUE,"hTERT",2.3,"GPa",2300000,6.36172783601759,5,2,"not_measured_or_not_resolved","hTERT_timepoint_5_replicate_2","5"
"GSE276045","GSM8490121","hTERT, 2.3GPa, timepoint 5, RNA-Seq 1, replicate 3","WI-38 cell line","S3_WI38_stiffness_x_cell_model_cross_check",TRUE,"hTERT",2.3,"GPa",2300000,6.36172783601759,5,3,"not_measured_or_not_resolved","hTERT_timepoint_5_replicate_3","5"
"GSE276045","GSM8490122","WT, 2.3GPa, timepoint 6, RNA-Seq 1, replicate 1","WI-38 cell line","S3_WI38_stiffness_x_cell_model_cross_check",TRUE,"WT",2.3,"GPa",2300000,6.36172783601759,6,1,"not_measured_or_not_resolved","WT_timepoint_6_replicate_1","6"
"GSE276045","GSM8490123","WT, 2.3GPa, timepoint 6, RNA-Seq 1, replicate 2","WI-38 cell line","S3_WI38_stiffness_x_cell_model_cross_check",TRUE,"WT",2.3,"GPa",2300000,6.36172783601759,6,2,"not_measured_or_not_resolved","WT_timepoint_6_replicate_2","6"
"GSE276045","GSM8490124","WT, 2.3GPa, timepoint 6, RNA-Seq 1, replicate 3","WI-38 cell line","S3_WI38_stiffness_x_cell_model_cross_check",TRUE,"WT",2.3,"GPa",2300000,6.36172783601759,6,3,"not_measured_or_not_resolved","WT_timepoint_6_replicate_3","6"
"GSE276045","GSM8490125","WT, 2.3GPa, timepoint 6, RNA-Seq 1, replicate 4","WI-38 cell line","S3_WI38_stiffness_x_cell_model_cross_check",TRUE,"WT",2.3,"GPa",2300000,6.36172783601759,6,4,"not_measured_or_not_resolved","WT_timepoint_6_replicate_4","6"
"GSE276045","GSM8490126","WT, 2.3GPa, timepoint 6, RNA-Seq 1, replicate 5","WI-38 cell line","S3_WI38_stiffness_x_cell_model_cross_check",TRUE,"WT",2.3,"GPa",2300000,6.36172783601759,6,5,"not_measured_or_not_resolved","WT_timepoint_6_replicate_5","6"
"GSE276045","GSM8490127","WT, 2.3GPa, timepoint 6, RNA-Seq 1, replicate 6","WI-38 cell line","S3_WI38_stiffness_x_cell_model_cross_check",TRUE,"WT",2.3,"GPa",2300000,6.36172783601759,6,6,"not_measured_or_not_resolved","WT_timepoint_6_replicate_6","6"
"GSE276045","GSM8490128","hTERT, 2.3GPa, timepoint 6, RNA-Seq 1, replicate 1","WI-38 cell line","S3_WI38_stiffness_x_cell_model_cross_check",TRUE,"hTERT",2.3,"GPa",2300000,6.36172783601759,6,1,"not_measured_or_not_resolved","hTERT_timepoint_6_replicate_1","6"
"GSE276045","GSM8490129","hTERT, 2.3GPa, timepoint 6, RNA-Seq 1, replicate 2","WI-38 cell line","S3_WI38_stiffness_x_cell_model_cross_check",TRUE,"hTERT",2.3,"GPa",2300000,6.36172783601759,6,2,"not_measured_or_not_resolved","hTERT_timepoint_6_replicate_2","6"
"GSE276045","GSM8490130","hTERT, 2.3GPa, timepoint 6, RNA-Seq 1, replicate 3","WI-38 cell line","S3_WI38_stiffness_x_cell_model_cross_check",TRUE,"hTERT",2.3,"GPa",2300000,6.36172783601759,6,3,"not_measured_or_not_resolved","hTERT_timepoint_6_replicate_3","6"
"GSE276045","GSM8490131","hTERT, 0.5kPa, timepoint 6, RNA-Seq 1, replicate 1","WI-38 cell line","S3_WI38_stiffness_x_cell_model_cross_check",TRUE,"hTERT",0.5,"kPa",0.5,-0.301029995663981,6,1,"not_measured_or_not_resolved","hTERT_timepoint_6_replicate_1","6"
"GSE276045","GSM8490132","hTERT, 0.5kPa, timepoint 6, RNA-Seq 1, replicate 2","WI-38 cell line","S3_WI38_stiffness_x_cell_model_cross_check",TRUE,"hTERT",0.5,"kPa",0.5,-0.301029995663981,6,2,"not_measured_or_not_resolved","hTERT_timepoint_6_replicate_2","6"
"GSE276045","GSM8490133","hTERT, 0.5kPa, timepoint 6, RNA-Seq 1, replicate 3","WI-38 cell line","S3_WI38_stiffness_x_cell_model_cross_check",TRUE,"hTERT",0.5,"kPa",0.5,-0.301029995663981,6,3,"not_measured_or_not_resolved","hTERT_timepoint_6_replicate_3","6"
"GSE276045","GSM8490134","hTERT, 2kPa, timepoint 6, RNA-Seq 1, replicate 1","WI-38 cell line","S3_WI38_stiffness_x_cell_model_cross_check",TRUE,"hTERT",2,"kPa",2,0.301029995663981,6,1,"not_measured_or_not_resolved","hTERT_timepoint_6_replicate_1","6"
"GSE276045","GSM8490135","hTERT, 2kPa, timepoint 6, RNA-Seq 1, replicate 2","WI-38 cell line","S3_WI38_stiffness_x_cell_model_cross_check",TRUE,"hTERT",2,"kPa",2,0.301029995663981,6,2,"not_measured_or_not_resolved","hTERT_timepoint_6_replicate_2","6"
"GSE276045","GSM8490136","hTERT, 2kPa, timepoint 6, RNA-Seq 1, replicate 3","WI-38 cell line","S3_WI38_stiffness_x_cell_model_cross_check",TRUE,"hTERT",2,"kPa",2,0.301029995663981,6,3,"not_measured_or_not_resolved","hTERT_timepoint_6_replicate_3","6"
"GSE276045","GSM8490137","hTERT, 16kPa, timepoint 6, RNA-Seq 1, replicate 1","WI-38 cell line","S3_WI38_stiffness_x_cell_model_cross_check",TRUE,"hTERT",16,"kPa",16,1.20411998265592,6,1,"not_measured_or_not_resolved","hTERT_timepoint_6_replicate_1","6"
"GSE276045","GSM8490138","hTERT, 16kPa, timepoint 6, RNA-Seq 1, replicate 2","WI-38 cell line","S3_WI38_stiffness_x_cell_model_cross_check",TRUE,"hTERT",16,"kPa",16,1.20411998265592,6,2,"not_measured_or_not_resolved","hTERT_timepoint_6_replicate_2","6"
"GSE276045","GSM8490139","hTERT, 16kPa, timepoint 6, RNA-Seq 1, replicate 3","WI-38 cell line","S3_WI38_stiffness_x_cell_model_cross_check",TRUE,"hTERT",16,"kPa",16,1.20411998265592,6,3,"not_measured_or_not_resolved","hTERT_timepoint_6_replicate_3","6"
"GSE276045","GSM8490140","hTERT, 32kPa, timepoint 6, RNA-Seq 1, replicate 1","WI-38 cell line","S3_WI38_stiffness_x_cell_model_cross_check",TRUE,"hTERT",32,"kPa",32,1.50514997831991,6,1,"not_measured_or_not_resolved","hTERT_timepoint_6_replicate_1","6"
"GSE276045","GSM8490141","hTERT, 32kPa, timepoint 6, RNA-Seq 1, replicate 2","WI-38 cell line","S3_WI38_stiffness_x_cell_model_cross_check",TRUE,"hTERT",32,"kPa",32,1.50514997831991,6,2,"not_measured_or_not_resolved","hTERT_timepoint_6_replicate_2","6"
"GSE276045","GSM8490142","hTERT, 32kPa, timepoint 6, RNA-Seq 1, replicate 3","WI-38 cell line","S3_WI38_stiffness_x_cell_model_cross_check",TRUE,"hTERT",32,"kPa",32,1.50514997831991,6,3,"not_measured_or_not_resolved","hTERT_timepoint_6_replicate_3","6"
"GSE276045","GSM8490143","WT, 32kPa, timepoint 7, RNA-Seq 1, replicate 1","WI-38 cell line","S3_WI38_stiffness_x_cell_model_cross_check",TRUE,"WT",32,"kPa",32,1.50514997831991,7,1,"not_measured_or_not_resolved","WT_timepoint_7_replicate_1","7"
"GSE276045","GSM8490144","WT, 32kPa, timepoint 7, RNA-Seq 1, replicate 2","WI-38 cell line","S3_WI38_stiffness_x_cell_model_cross_check",TRUE,"WT",32,"kPa",32,1.50514997831991,7,2,"not_measured_or_not_resolved","WT_timepoint_7_replicate_2","7"
"GSE276045","GSM8490145","WT, 32kPa, timepoint 7, RNA-Seq 1, replicate 3","WI-38 cell line","S3_WI38_stiffness_x_cell_model_cross_check",TRUE,"WT",32,"kPa",32,1.50514997831991,7,3,"not_measured_or_not_resolved","WT_timepoint_7_replicate_3","7"
"GSE276045","GSM8490146","WT, 2.3GPa, timepoint 7, RNA-Seq 1, replicate 1","WI-38 cell line","S3_WI38_stiffness_x_cell_model_cross_check",TRUE,"WT",2.3,"GPa",2300000,6.36172783601759,7,1,"not_measured_or_not_resolved","WT_timepoint_7_replicate_1","7"
"GSE276045","GSM8490147","WT, 2.3GPa, timepoint 7, RNA-Seq 1, replicate 2","WI-38 cell line","S3_WI38_stiffness_x_cell_model_cross_check",TRUE,"WT",2.3,"GPa",2300000,6.36172783601759,7,2,"not_measured_or_not_resolved","WT_timepoint_7_replicate_2","7"
"GSE276045","GSM8490148","hTERT, 2.3GPa, timepoint 8, RNA-Seq 1, replicate 1","WI-38 cell line","S3_WI38_stiffness_x_cell_model_cross_check",TRUE,"hTERT",2.3,"GPa",2300000,6.36172783601759,8,1,"not_measured_or_not_resolved","hTERT_timepoint_8_replicate_1","8"
"GSE276045","GSM8490149","hTERT, 2.3GPa, timepoint 8, RNA-Seq 1, replicate 2","WI-38 cell line","S3_WI38_stiffness_x_cell_model_cross_check",TRUE,"hTERT",2.3,"GPa",2300000,6.36172783601759,8,2,"not_measured_or_not_resolved","hTERT_timepoint_8_replicate_2","8"
"GSE276045","GSM8490150","hTERT, 2.3GPa, timepoint 8, RNA-Seq 1, replicate 3","WI-38 cell line","S3_WI38_stiffness_x_cell_model_cross_check",TRUE,"hTERT",2.3,"GPa",2300000,6.36172783601759,8,3,"not_measured_or_not_resolved","hTERT_timepoint_8_replicate_3","8"
"GSE276045","GSM8490151","WT, 2.3GPa, timepoint 8, RNA-Seq 1, replicate 1","WI-38 cell line","S3_WI38_stiffness_x_cell_model_cross_check",TRUE,"WT",2.3,"GPa",2300000,6.36172783601759,8,1,"not_measured_or_not_resolved","WT_timepoint_8_replicate_1","8"
"GSE276045","GSM8490152","WT, 2.3GPa, timepoint 8, RNA-Seq 1, replicate 2","WI-38 cell line","S3_WI38_stiffness_x_cell_model_cross_check",TRUE,"WT",2.3,"GPa",2300000,6.36172783601759,8,2,"not_measured_or_not_resolved","WT_timepoint_8_replicate_2","8"
"GSE276045","GSM8490153","WT, 0.5kPa, timepoint 8, RNA-Seq 1, replicate 1","WI-38 cell line","S3_WI38_stiffness_x_cell_model_cross_check",TRUE,"WT",0.5,"kPa",0.5,-0.301029995663981,8,1,"not_measured_or_not_resolved","WT_timepoint_8_replicate_1","8"
"GSE276045","GSM8490154","WT, 0.5kPa, timepoint 8, RNA-Seq 1, replicate 2","WI-38 cell line","S3_WI38_stiffness_x_cell_model_cross_check",TRUE,"WT",0.5,"kPa",0.5,-0.301029995663981,8,2,"not_measured_or_not_resolved","WT_timepoint_8_replicate_2","8"
"GSE276045","GSM8490155","WT, 0.5kPa, timepoint 8, RNA-Seq 1, replicate 3","WI-38 cell line","S3_WI38_stiffness_x_cell_model_cross_check",TRUE,"WT",0.5,"kPa",0.5,-0.301029995663981,8,3,"not_measured_or_not_resolved","WT_timepoint_8_replicate_3","8"
"GSE276045","GSM8490156","hTERT, 0.5kPa, timepoint 8, RNA-Seq 1, replicate 1","WI-38 cell line","S3_WI38_stiffness_x_cell_model_cross_check",TRUE,"hTERT",0.5,"kPa",0.5,-0.301029995663981,8,1,"not_measured_or_not_resolved","hTERT_timepoint_8_replicate_1","8"
"GSE276045","GSM8490157","hTERT, 0.5kPa, timepoint 8, RNA-Seq 1, replicate 2","WI-38 cell line","S3_WI38_stiffness_x_cell_model_cross_check",TRUE,"hTERT",0.5,"kPa",0.5,-0.301029995663981,8,2,"not_measured_or_not_resolved","hTERT_timepoint_8_replicate_2","8"
"GSE276045","GSM8490158","hTERT, 0.5kPa, timepoint 8, RNA-Seq 1, replicate 3","WI-38 cell line","S3_WI38_stiffness_x_cell_model_cross_check",TRUE,"hTERT",0.5,"kPa",0.5,-0.301029995663981,8,3,"not_measured_or_not_resolved","hTERT_timepoint_8_replicate_3","8"
"GSE276045","GSM8490159","WT, 2kPa, timepoint 8, RNA-Seq 1, replicate 1","WI-38 cell line","S3_WI38_stiffness_x_cell_model_cross_check",TRUE,"WT",2,"kPa",2,0.301029995663981,8,1,"not_measured_or_not_resolved","WT_timepoint_8_replicate_1","8"
"GSE276045","GSM8490160","WT, 2kPa, timepoint 8, RNA-Seq 1, replicate 2","WI-38 cell line","S3_WI38_stiffness_x_cell_model_cross_check",TRUE,"WT",2,"kPa",2,0.301029995663981,8,2,"not_measured_or_not_resolved","WT_timepoint_8_replicate_2","8"
"GSE276045","GSM8490161","WT, 2kPa, timepoint 8, RNA-Seq 1, replicate 3","WI-38 cell line","S3_WI38_stiffness_x_cell_model_cross_check",TRUE,"WT",2,"kPa",2,0.301029995663981,8,3,"not_measured_or_not_resolved","WT_timepoint_8_replicate_3","8"
"GSE276045","GSM8490162","hTERT, 2kPa, timepoint 8, RNA-Seq 1, replicate 1","WI-38 cell line","S3_WI38_stiffness_x_cell_model_cross_check",TRUE,"hTERT",2,"kPa",2,0.301029995663981,8,1,"not_measured_or_not_resolved","hTERT_timepoint_8_replicate_1","8"
"GSE276045","GSM8490163","hTERT, 2kPa, timepoint 8, RNA-Seq 1, replicate 2","WI-38 cell line","S3_WI38_stiffness_x_cell_model_cross_check",TRUE,"hTERT",2,"kPa",2,0.301029995663981,8,2,"not_measured_or_not_resolved","hTERT_timepoint_8_replicate_2","8"
"GSE276045","GSM8490164","hTERT, 2kPa, timepoint 8, RNA-Seq 1, replicate 3","WI-38 cell line","S3_WI38_stiffness_x_cell_model_cross_check",TRUE,"hTERT",2,"kPa",2,0.301029995663981,8,3,"not_measured_or_not_resolved","hTERT_timepoint_8_replicate_3","8"
"GSE276045","GSM8490165","WT, 16kPa, timepoint 8, RNA-Seq 1, replicate 1","WI-38 cell line","S3_WI38_stiffness_x_cell_model_cross_check",TRUE,"WT",16,"kPa",16,1.20411998265592,8,1,"not_measured_or_not_resolved","WT_timepoint_8_replicate_1","8"
"GSE276045","GSM8490166","WT, 16kPa, timepoint 8, RNA-Seq 1, replicate 2","WI-38 cell line","S3_WI38_stiffness_x_cell_model_cross_check",TRUE,"WT",16,"kPa",16,1.20411998265592,8,2,"not_measured_or_not_resolved","WT_timepoint_8_replicate_2","8"
"GSE276045","GSM8490167","hTERT, 16kPa, timepoint 8, RNA-Seq 1, replicate 1","WI-38 cell line","S3_WI38_stiffness_x_cell_model_cross_check",TRUE,"hTERT",16,"kPa",16,1.20411998265592,8,1,"not_measured_or_not_resolved","hTERT_timepoint_8_replicate_1","8"
"GSE276045","GSM8490168","hTERT, 16kPa, timepoint 8, RNA-Seq 1, replicate 2","WI-38 cell line","S3_WI38_stiffness_x_cell_model_cross_check",TRUE,"hTERT",16,"kPa",16,1.20411998265592,8,2,"not_measured_or_not_resolved","hTERT_timepoint_8_replicate_2","8"
"GSE276045","GSM8490169","hTERT, 16kPa, timepoint 8, RNA-Seq 1, replicate 3","WI-38 cell line","S3_WI38_stiffness_x_cell_model_cross_check",TRUE,"hTERT",16,"kPa",16,1.20411998265592,8,3,"not_measured_or_not_resolved","hTERT_timepoint_8_replicate_3","8"
"GSE276045","GSM8490170","WT, 32kPa, timepoint 8, RNA-Seq 1, replicate 1","WI-38 cell line","S3_WI38_stiffness_x_cell_model_cross_check",TRUE,"WT",32,"kPa",32,1.50514997831991,8,1,"not_measured_or_not_resolved","WT_timepoint_8_replicate_1","8"
"GSE276045","GSM8490171","WT, 32kPa, timepoint 8, RNA-Seq 1, replicate 2","WI-38 cell line","S3_WI38_stiffness_x_cell_model_cross_check",TRUE,"WT",32,"kPa",32,1.50514997831991,8,2,"not_measured_or_not_resolved","WT_timepoint_8_replicate_2","8"
"GSE276045","GSM8490172","hTERT, 32kPa, timepoint 8, RNA-Seq 1, replicate 1","WI-38 cell line","S3_WI38_stiffness_x_cell_model_cross_check",TRUE,"hTERT",32,"kPa",32,1.50514997831991,8,1,"not_measured_or_not_resolved","hTERT_timepoint_8_replicate_1","8"
"GSE276045","GSM8490173","hTERT, 32kPa, timepoint 8, RNA-Seq 1, replicate 2","WI-38 cell line","S3_WI38_stiffness_x_cell_model_cross_check",TRUE,"hTERT",32,"kPa",32,1.50514997831991,8,2,"not_measured_or_not_resolved","hTERT_timepoint_8_replicate_2","8"
"GSE276045","GSM8490174","hTERT, 32kPa, timepoint 8, RNA-Seq 1, replicate 3","WI-38 cell line","S3_WI38_stiffness_x_cell_model_cross_check",TRUE,"hTERT",32,"kPa",32,1.50514997831991,8,3,"not_measured_or_not_resolved","hTERT_timepoint_8_replicate_3","8"
