"sample","source","condition","seurat_cluster","reproduced_identity","module","pseudobulk_module_score","singlet_cells","library_size"
"Dermis1","Dermis","Uninjured","0","FB","mechanosensor_channels",0.285173406096341,1765,5467424.98379701
"Dermis2","Dermis","Uninjured","0","FB","mechanosensor_channels",-0.134523248153591,283,606645.954668903
"Dermis3","Dermis","Uninjured","0","FB","mechanosensor_channels",0.360548709802976,389,1614383.17757474
"SF1","SF","Uninjured","0","FB","mechanosensor_channels",0.174789059023515,1199,5729864.87756597
"SF2","SF","Uninjured","0","FB","mechanosensor_channels",0.304556947989921,885,6504502.65085137
"SF3","SF","Uninjured","0","FB","mechanosensor_channels",0.172674953313842,369,2290169.69525231
"DD1","DD","DD","0","FB","mechanosensor_channels",0.278277373940213,831,2349260.25251866
"DD2","DD","DD","0","FB","mechanosensor_channels",0.327708446925966,1426,7157699.18649563
"DD3","DD","DD","0","FB","mechanosensor_channels",0.342018964719664,568,1923766.15659188
"Dermis2","Dermis","Uninjured","1","Myofib","mechanosensor_channels",0.416063890271414,4,12361.6082313419
"SF1","SF","Uninjured","1","Myofib","mechanosensor_channels",0.786003133465423,1,3176.06799447985
"SF2","SF","Uninjured","1","Myofib","mechanosensor_channels",0.417176715027443,13,68914.7910862474
"DD1","DD","DD","1","Myofib","mechanosensor_channels",0.159459855764457,106,833504.751771542
"DD2","DD","DD","1","Myofib","mechanosensor_channels",0.281207068406445,2216,22181565.6436082
"DD3","DD","DD","1","Myofib","mechanosensor_channels",0.142787460024573,1640,13512556.3900719
"Dermis1","Dermis","Uninjured","2","VSMC","mechanosensor_channels",-0.258824908962185,862,2294646.63582506
"Dermis2","Dermis","Uninjured","2","VSMC","mechanosensor_channels",-0.340273442610056,171,366509.533865956
"Dermis3","Dermis","Uninjured","2","VSMC","mechanosensor_channels",-0.352233047434565,652,2128434.59444131
"SF1","SF","Uninjured","2","VSMC","mechanosensor_channels",-0.126814168254513,367,1665579.15998533
"SF2","SF","Uninjured","2","VSMC","mechanosensor_channels",-0.180271242873121,198,1505244.5691408
"SF3","SF","Uninjured","2","VSMC","mechanosensor_channels",-0.464713341438972,65,443972.448860167
"DD1","DD","DD","2","VSMC","mechanosensor_channels",-0.314533458010637,512,1406122.42818261
"DD2","DD","DD","2","VSMC","mechanosensor_channels",-0.224105997483499,331,1090646.38574983
"DD3","DD","DD","2","VSMC","mechanosensor_channels",-0.328117395956215,389,1178850.46591961
"Dermis1","Dermis","Uninjured","3","Pericyte","mechanosensor_channels",-0.276521284945711,51,90889.2168124495
"Dermis2","Dermis","Uninjured","3","Pericyte","mechanosensor_channels",-0.155044966023951,64,95019.1624545057
"Dermis3","Dermis","Uninjured","3","Pericyte","mechanosensor_channels",-0.359939952122618,25,43085.4678852978
"SF1","SF","Uninjured","3","Pericyte","mechanosensor_channels",0.122148160239765,107,390347.360296792
"SF2","SF","Uninjured","3","Pericyte","mechanosensor_channels",-0.375758660129879,53,214217.450766183
"SF3","SF","Uninjured","3","Pericyte","mechanosensor_channels",-0.418454362188724,12,42138.6339430442
"DD1","DD","DD","3","Pericyte","mechanosensor_channels",-0.196979654903733,487,1491281.66749562
"DD2","DD","DD","3","Pericyte","mechanosensor_channels",-0.0264963562885841,284,999385.800593251
"DD3","DD","DD","3","Pericyte","mechanosensor_channels",-0.0369886572314009,337,1138632.08827108
"Dermis1","Dermis","Uninjured","0","FB","integrin_focal_adhesion",-0.344162930755586,1765,5467424.98379701
"Dermis2","Dermis","Uninjured","0","FB","integrin_focal_adhesion",-0.0513361079363872,283,606645.954668903
"Dermis3","Dermis","Uninjured","0","FB","integrin_focal_adhesion",-0.108510324264873,389,1614383.17757474
"SF1","SF","Uninjured","0","FB","integrin_focal_adhesion",-0.169543691066816,1199,5729864.87756597
"SF2","SF","Uninjured","0","FB","integrin_focal_adhesion",0.347034418690716,885,6504502.65085137
"SF3","SF","Uninjured","0","FB","integrin_focal_adhesion",0.249441703440994,369,2290169.69525231
"DD1","DD","DD","0","FB","integrin_focal_adhesion",-0.0179595391738634,831,2349260.25251866
"DD2","DD","DD","0","FB","integrin_focal_adhesion",0.0213587255433582,1426,7157699.18649563
"DD3","DD","DD","0","FB","integrin_focal_adhesion",0.0279766258010162,568,1923766.15659188
"Dermis2","Dermis","Uninjured","1","Myofib","integrin_focal_adhesion",-0.0859071422383563,4,12361.6082313419
"SF1","SF","Uninjured","1","Myofib","integrin_focal_adhesion",0.882390572115435,1,3176.06799447985
"SF2","SF","Uninjured","1","Myofib","integrin_focal_adhesion",-0.122129476552961,13,68914.7910862474
"DD1","DD","DD","1","Myofib","integrin_focal_adhesion",0.0708822133319939,106,833504.751771542
"DD2","DD","DD","1","Myofib","integrin_focal_adhesion",0.310444378065815,2216,22181565.6436082
"DD3","DD","DD","1","Myofib","integrin_focal_adhesion",0.12844720385722,1640,13512556.3900719
"Dermis1","Dermis","Uninjured","2","VSMC","integrin_focal_adhesion",-0.202317045361277,862,2294646.63582506
"Dermis2","Dermis","Uninjured","2","VSMC","integrin_focal_adhesion",-0.134255048056101,171,366509.533865956
"Dermis3","Dermis","Uninjured","2","VSMC","integrin_focal_adhesion",0.0257560836787172,652,2128434.59444131
"SF1","SF","Uninjured","2","VSMC","integrin_focal_adhesion",-0.297437907887455,367,1665579.15998533
"SF2","SF","Uninjured","2","VSMC","integrin_focal_adhesion",0.271649258269927,198,1505244.5691408
"SF3","SF","Uninjured","2","VSMC","integrin_focal_adhesion",-0.0545091356247864,65,443972.448860167
"DD1","DD","DD","2","VSMC","integrin_focal_adhesion",-0.285664751881507,512,1406122.42818261
"DD2","DD","DD","2","VSMC","integrin_focal_adhesion",-0.0213657822396701,331,1090646.38574983
"DD3","DD","DD","2","VSMC","integrin_focal_adhesion",0.0425021545783764,389,1178850.46591961
"Dermis1","Dermis","Uninjured","3","Pericyte","integrin_focal_adhesion",-0.344324705586869,51,90889.2168124495
"Dermis2","Dermis","Uninjured","3","Pericyte","integrin_focal_adhesion",-0.366180639126818,64,95019.1624545057
"Dermis3","Dermis","Uninjured","3","Pericyte","integrin_focal_adhesion",0.36125785726223,25,43085.4678852978
"SF1","SF","Uninjured","3","Pericyte","integrin_focal_adhesion",-0.135937176197311,107,390347.360296792
"SF2","SF","Uninjured","3","Pericyte","integrin_focal_adhesion",0.160691168885673,53,214217.450766183
"SF3","SF","Uninjured","3","Pericyte","integrin_focal_adhesion",0.00703556731665603,12,42138.6339430442
"DD1","DD","DD","3","Pericyte","integrin_focal_adhesion",-0.240681307665747,487,1491281.66749562
"DD2","DD","DD","3","Pericyte","integrin_focal_adhesion",0.00598562876800932,284,999385.800593251
"DD3","DD","DD","3","Pericyte","integrin_focal_adhesion",0.0693691520102479,337,1138632.08827108
"Dermis1","Dermis","Uninjured","0","FB","hippo_yap_taz",-0.0996327038813471,1765,5467424.98379701
"Dermis2","Dermis","Uninjured","0","FB","hippo_yap_taz",-0.104646389507436,283,606645.954668903
"Dermis3","Dermis","Uninjured","0","FB","hippo_yap_taz",-0.0806366200385657,389,1614383.17757474
"SF1","SF","Uninjured","0","FB","hippo_yap_taz",-0.251895568864067,1199,5729864.87756597
"SF2","SF","Uninjured","0","FB","hippo_yap_taz",-0.0253347132130536,885,6504502.65085137
"SF3","SF","Uninjured","0","FB","hippo_yap_taz",-0.162907971626737,369,2290169.69525231
"DD1","DD","DD","0","FB","hippo_yap_taz",-0.268713035959381,831,2349260.25251866
"DD2","DD","DD","0","FB","hippo_yap_taz",-0.0322613847673478,1426,7157699.18649563
"DD3","DD","DD","0","FB","hippo_yap_taz",-0.182597182470808,568,1923766.15659188
"Dermis2","Dermis","Uninjured","1","Myofib","hippo_yap_taz",0.529654826360354,4,12361.6082313419
"SF1","SF","Uninjured","1","Myofib","hippo_yap_taz",-0.132616553334461,1,3176.06799447985
"SF2","SF","Uninjured","1","Myofib","hippo_yap_taz",0.110605534391373,13,68914.7910862474
"DD1","DD","DD","1","Myofib","hippo_yap_taz",-0.357376125302823,106,833504.751771542
"DD2","DD","DD","1","Myofib","hippo_yap_taz",-0.128569474408284,2216,22181565.6436082
"DD3","DD","DD","1","Myofib","hippo_yap_taz",0.000648129638272821,1640,13512556.3900719
"Dermis1","Dermis","Uninjured","2","VSMC","hippo_yap_taz",0.0707011518698675,862,2294646.63582506
"Dermis2","Dermis","Uninjured","2","VSMC","hippo_yap_taz",-0.0220484163543446,171,366509.533865956
"Dermis3","Dermis","Uninjured","2","VSMC","hippo_yap_taz",-0.0144468308796905,652,2128434.59444131
"SF1","SF","Uninjured","2","VSMC","hippo_yap_taz",-0.221116473910458,367,1665579.15998533
"SF2","SF","Uninjured","2","VSMC","hippo_yap_taz",0.249142257664241,198,1505244.5691408
"SF3","SF","Uninjured","2","VSMC","hippo_yap_taz",0.153501658484837,65,443972.448860167
"DD1","DD","DD","2","VSMC","hippo_yap_taz",-0.0748441829009146,512,1406122.42818261
"DD2","DD","DD","2","VSMC","hippo_yap_taz",0.056252662622819,331,1090646.38574983
"DD3","DD","DD","2","VSMC","hippo_yap_taz",0.0352003327028312,389,1178850.46591961
"Dermis1","Dermis","Uninjured","3","Pericyte","hippo_yap_taz",-0.169054187332917,51,90889.2168124495
"Dermis2","Dermis","Uninjured","3","Pericyte","hippo_yap_taz",0.277893139474969,64,95019.1624545057
"Dermis3","Dermis","Uninjured","3","Pericyte","hippo_yap_taz",0.222453323815929,25,43085.4678852978
"SF1","SF","Uninjured","3","Pericyte","hippo_yap_taz",0.0131216331883241,107,390347.360296792
"SF2","SF","Uninjured","3","Pericyte","hippo_yap_taz",0.259894931815546,53,214217.450766183
"SF3","SF","Uninjured","3","Pericyte","hippo_yap_taz",0.0183334238379671,12,42138.6339430442
"DD1","DD","DD","3","Pericyte","hippo_yap_taz",-0.00803551733697211,487,1491281.66749562
"DD2","DD","DD","3","Pericyte","hippo_yap_taz",0.157409859385938,284,999385.800593251
"DD3","DD","DD","3","Pericyte","hippo_yap_taz",0.181920466836345,337,1138632.08827108
"Dermis1","Dermis","Uninjured","0","FB","actomyosin_rho",-0.562884033184652,1765,5467424.98379701
"Dermis2","Dermis","Uninjured","0","FB","actomyosin_rho",-0.519407568142804,283,606645.954668903
"Dermis3","Dermis","Uninjured","0","FB","actomyosin_rho",-0.438074212122642,389,1614383.17757474
"SF1","SF","Uninjured","0","FB","actomyosin_rho",-0.596591372119845,1199,5729864.87756597
"SF2","SF","Uninjured","0","FB","actomyosin_rho",-0.425857796557348,885,6504502.65085137
"SF3","SF","Uninjured","0","FB","actomyosin_rho",-0.352398459657282,369,2290169.69525231
"DD1","DD","DD","0","FB","actomyosin_rho",-0.415199732023339,831,2349260.25251866
"DD2","DD","DD","0","FB","actomyosin_rho",-0.485183463451183,1426,7157699.18649563
"DD3","DD","DD","0","FB","actomyosin_rho",-0.346198213209099,568,1923766.15659188
"Dermis2","Dermis","Uninjured","1","Myofib","actomyosin_rho",-0.181309008072955,4,12361.6082313419
"SF1","SF","Uninjured","1","Myofib","actomyosin_rho",0.0716693171883551,1,3176.06799447985
"SF2","SF","Uninjured","1","Myofib","actomyosin_rho",-0.496801222104606,13,68914.7910862474
"DD1","DD","DD","1","Myofib","actomyosin_rho",-0.171844310935362,106,833504.751771542
"DD2","DD","DD","1","Myofib","actomyosin_rho",-0.0266644284232858,2216,22181565.6436082
"DD3","DD","DD","1","Myofib","actomyosin_rho",-0.0529994492992695,1640,13512556.3900719
"Dermis1","Dermis","Uninjured","2","VSMC","actomyosin_rho",0.385372600755122,862,2294646.63582506
"Dermis2","Dermis","Uninjured","2","VSMC","actomyosin_rho",0.473039312424039,171,366509.533865956
"Dermis3","Dermis","Uninjured","2","VSMC","actomyosin_rho",0.503147806892561,652,2128434.59444131
"SF1","SF","Uninjured","2","VSMC","actomyosin_rho",0.416871432856746,367,1665579.15998533
"SF2","SF","Uninjured","2","VSMC","actomyosin_rho",0.655880021521726,198,1505244.5691408
"SF3","SF","Uninjured","2","VSMC","actomyosin_rho",0.539738655666611,65,443972.448860167
"DD1","DD","DD","2","VSMC","actomyosin_rho",0.423252618808298,512,1406122.42818261
"DD2","DD","DD","2","VSMC","actomyosin_rho",0.462806572066802,331,1090646.38574983
"DD3","DD","DD","2","VSMC","actomyosin_rho",0.609765197976716,389,1178850.46591961
"Dermis1","Dermis","Uninjured","3","Pericyte","actomyosin_rho",-0.157884297978935,51,90889.2168124495
"Dermis2","Dermis","Uninjured","3","Pericyte","actomyosin_rho",0.0796089296299303,64,95019.1624545057
"Dermis3","Dermis","Uninjured","3","Pericyte","actomyosin_rho",0.141617952841909,25,43085.4678852978
"SF1","SF","Uninjured","3","Pericyte","actomyosin_rho",0.0160961725955301,107,390347.360296792
"SF2","SF","Uninjured","3","Pericyte","actomyosin_rho",0.156842309918406,53,214217.450766183
"SF3","SF","Uninjured","3","Pericyte","actomyosin_rho",0.212761396603646,12,42138.6339430442
"DD1","DD","DD","3","Pericyte","actomyosin_rho",0.128117170051736,487,1491281.66749562
"DD2","DD","DD","3","Pericyte","actomyosin_rho",-0.0455542413931529,284,999385.800593251
"DD3","DD","DD","3","Pericyte","actomyosin_rho",-0.0017356591223834,337,1138632.08827108
"Dermis1","Dermis","Uninjured","0","FB","ecm_remodeling",0.215790121125667,1765,5467424.98379701
"Dermis2","Dermis","Uninjured","0","FB","ecm_remodeling",0.509375903406883,283,606645.954668903
"Dermis3","Dermis","Uninjured","0","FB","ecm_remodeling",0.467482986651884,389,1614383.17757474
"SF1","SF","Uninjured","0","FB","ecm_remodeling",-0.137954840559229,1199,5729864.87756597
"SF2","SF","Uninjured","0","FB","ecm_remodeling",0.509768686643962,885,6504502.65085137
"SF3","SF","Uninjured","0","FB","ecm_remodeling",0.299068044120192,369,2290169.69525231
"DD1","DD","DD","0","FB","ecm_remodeling",0.324408967405887,831,2349260.25251866
"DD2","DD","DD","0","FB","ecm_remodeling",0.638223027770092,1426,7157699.18649563
"DD3","DD","DD","0","FB","ecm_remodeling",0.462026530224578,568,1923766.15659188
"Dermis2","Dermis","Uninjured","1","Myofib","ecm_remodeling",1.34908874082711,4,12361.6082313419
"SF1","SF","Uninjured","1","Myofib","ecm_remodeling",0.288527591328844,1,3176.06799447985
"SF2","SF","Uninjured","1","Myofib","ecm_remodeling",0.943480895678895,13,68914.7910862474
"DD1","DD","DD","1","Myofib","ecm_remodeling",0.770668029526203,106,833504.751771542
"DD2","DD","DD","1","Myofib","ecm_remodeling",0.893814563283918,2216,22181565.6436082
"DD3","DD","DD","1","Myofib","ecm_remodeling",0.923650519410419,1640,13512556.3900719
"Dermis1","Dermis","Uninjured","2","VSMC","ecm_remodeling",-0.949244304393213,862,2294646.63582506
"Dermis2","Dermis","Uninjured","2","VSMC","ecm_remodeling",-0.662457662595169,171,366509.533865956
"Dermis3","Dermis","Uninjured","2","VSMC","ecm_remodeling",-0.969922721667286,652,2128434.59444131
"SF1","SF","Uninjured","2","VSMC","ecm_remodeling",-1.08432341703942,367,1665579.15998533
"SF2","SF","Uninjured","2","VSMC","ecm_remodeling",-0.510829395585624,198,1505244.5691408
"SF3","SF","Uninjured","2","VSMC","ecm_remodeling",-0.673623044010984,65,443972.448860167
"DD1","DD","DD","2","VSMC","ecm_remodeling",-1.05670764292762,512,1406122.42818261
"DD2","DD","DD","2","VSMC","ecm_remodeling",-0.696410085027345,331,1090646.38574983
"DD3","DD","DD","2","VSMC","ecm_remodeling",-0.709184145922852,389,1178850.46591961
"Dermis1","Dermis","Uninjured","3","Pericyte","ecm_remodeling",-0.465474851047698,51,90889.2168124495
"Dermis2","Dermis","Uninjured","3","Pericyte","ecm_remodeling",-0.322766782681165,64,95019.1624545057
"Dermis3","Dermis","Uninjured","3","Pericyte","ecm_remodeling",-0.538078994097356,25,43085.4678852978
"SF1","SF","Uninjured","3","Pericyte","ecm_remodeling",-0.487734525300291,107,390347.360296792
"SF2","SF","Uninjured","3","Pericyte","ecm_remodeling",0.140740282492514,53,214217.450766183
"SF3","SF","Uninjured","3","Pericyte","ecm_remodeling",-0.108402412209954,12,42138.6339430442
"DD1","DD","DD","3","Pericyte","ecm_remodeling",-0.136691995443958,487,1491281.66749562
"DD2","DD","DD","3","Pericyte","ecm_remodeling",0.35336154327107,284,999385.800593251
"DD3","DD","DD","3","Pericyte","ecm_remodeling",0.420330387341036,337,1138632.08827108
"Dermis1","Dermis","Uninjured","0","FB","tgf_fibrosis",-0.109781882204044,1765,5467424.98379701
"Dermis2","Dermis","Uninjured","0","FB","tgf_fibrosis",0.135444233073645,283,606645.954668903
"Dermis3","Dermis","Uninjured","0","FB","tgf_fibrosis",-0.0960730941301629,389,1614383.17757474
"SF1","SF","Uninjured","0","FB","tgf_fibrosis",0.181089521900168,1199,5729864.87756597
"SF2","SF","Uninjured","0","FB","tgf_fibrosis",0.291918666907455,885,6504502.65085137
"SF3","SF","Uninjured","0","FB","tgf_fibrosis",0.202725563303701,369,2290169.69525231
"DD1","DD","DD","0","FB","tgf_fibrosis",0.0567702501658487,831,2349260.25251866
"DD2","DD","DD","0","FB","tgf_fibrosis",0.0936218430445067,1426,7157699.18649563
"DD3","DD","DD","0","FB","tgf_fibrosis",0.116597642621334,568,1923766.15659188
"Dermis2","Dermis","Uninjured","1","Myofib","tgf_fibrosis",0.602013577932041,4,12361.6082313419
"SF1","SF","Uninjured","1","Myofib","tgf_fibrosis",0.245741791724374,1,3176.06799447985
"SF2","SF","Uninjured","1","Myofib","tgf_fibrosis",-0.0461995932712795,13,68914.7910862474
"DD1","DD","DD","1","Myofib","tgf_fibrosis",-0.0782805706492864,106,833504.751771542
"DD2","DD","DD","1","Myofib","tgf_fibrosis",0.101031837391888,2216,22181565.6436082
"DD3","DD","DD","1","Myofib","tgf_fibrosis",0.173846480260786,1640,13512556.3900719
"Dermis1","Dermis","Uninjured","2","VSMC","tgf_fibrosis",-0.138568681984333,862,2294646.63582506
"Dermis2","Dermis","Uninjured","2","VSMC","tgf_fibrosis",-0.303394779239484,171,366509.533865956
"Dermis3","Dermis","Uninjured","2","VSMC","tgf_fibrosis",-0.140879449930979,652,2128434.59444131
"SF1","SF","Uninjured","2","VSMC","tgf_fibrosis",-0.165690626213671,367,1665579.15998533
"SF2","SF","Uninjured","2","VSMC","tgf_fibrosis",0.196414434876652,198,1505244.5691408
"SF3","SF","Uninjured","2","VSMC","tgf_fibrosis",0.00848134403037389,65,443972.448860167
"DD1","DD","DD","2","VSMC","tgf_fibrosis",-0.0641706239304051,512,1406122.42818261
"DD2","DD","DD","2","VSMC","tgf_fibrosis",-0.0311462440097569,331,1090646.38574983
"DD3","DD","DD","2","VSMC","tgf_fibrosis",0.0433965128283678,389,1178850.46591961
"Dermis1","Dermis","Uninjured","3","Pericyte","tgf_fibrosis",-0.109720763428681,51,90889.2168124495
"Dermis2","Dermis","Uninjured","3","Pericyte","tgf_fibrosis",-0.61888400470736,64,95019.1624545057
"Dermis3","Dermis","Uninjured","3","Pericyte","tgf_fibrosis",-0.227396022109904,25,43085.4678852978
"SF1","SF","Uninjured","3","Pericyte","tgf_fibrosis",-0.283339738342862,107,390347.360296792
"SF2","SF","Uninjured","3","Pericyte","tgf_fibrosis",0.255912329772643,53,214217.450766183
"SF3","SF","Uninjured","3","Pericyte","tgf_fibrosis",-0.232050746765351,12,42138.6339430442
"DD1","DD","DD","3","Pericyte","tgf_fibrosis",-0.173029963517366,487,1491281.66749562
"DD2","DD","DD","3","Pericyte","tgf_fibrosis",0.167752911968057,284,999385.800593251
"DD3","DD","DD","3","Pericyte","tgf_fibrosis",-0.0541521573669138,337,1138632.08827108
"Dermis1","Dermis","Uninjured","0","FB","inflammation_ap1_nfkb",0.470314207368668,1765,5467424.98379701
"Dermis2","Dermis","Uninjured","0","FB","inflammation_ap1_nfkb",-0.214736447848839,283,606645.954668903
"Dermis3","Dermis","Uninjured","0","FB","inflammation_ap1_nfkb",-0.887648851990174,389,1614383.17757474
"SF1","SF","Uninjured","0","FB","inflammation_ap1_nfkb",1.05934585292062,1199,5729864.87756597
"SF2","SF","Uninjured","0","FB","inflammation_ap1_nfkb",-0.309868471375236,885,6504502.65085137
"SF3","SF","Uninjured","0","FB","inflammation_ap1_nfkb",-0.130369872084991,369,2290169.69525231
"DD1","DD","DD","0","FB","inflammation_ap1_nfkb",0.336071705832481,831,2349260.25251866
"DD2","DD","DD","0","FB","inflammation_ap1_nfkb",0.273113292859841,1426,7157699.18649563
"DD3","DD","DD","0","FB","inflammation_ap1_nfkb",-0.14598919686758,568,1923766.15659188
"Dermis2","Dermis","Uninjured","1","Myofib","inflammation_ap1_nfkb",-0.404108506246249,4,12361.6082313419
"SF1","SF","Uninjured","1","Myofib","inflammation_ap1_nfkb",-0.196267472152563,1,3176.06799447985
"SF2","SF","Uninjured","1","Myofib","inflammation_ap1_nfkb",-0.571998676369382,13,68914.7910862474
"DD1","DD","DD","1","Myofib","inflammation_ap1_nfkb",-0.946453555042151,106,833504.751771542
"DD2","DD","DD","1","Myofib","inflammation_ap1_nfkb",-0.670230887329951,2216,22181565.6436082
"DD3","DD","DD","1","Myofib","inflammation_ap1_nfkb",-0.839475339059123,1640,13512556.3900719
"Dermis1","Dermis","Uninjured","2","VSMC","inflammation_ap1_nfkb",0.407571267306145,862,2294646.63582506
"Dermis2","Dermis","Uninjured","2","VSMC","inflammation_ap1_nfkb",-0.0354163629100346,171,366509.533865956
"Dermis3","Dermis","Uninjured","2","VSMC","inflammation_ap1_nfkb",-0.289871306270738,652,2128434.59444131
"SF1","SF","Uninjured","2","VSMC","inflammation_ap1_nfkb",0.694141205065812,367,1665579.15998533
"SF2","SF","Uninjured","2","VSMC","inflammation_ap1_nfkb",0.173232782439695,198,1505244.5691408
"SF3","SF","Uninjured","2","VSMC","inflammation_ap1_nfkb",0.0989072452592352,65,443972.448860167
"DD1","DD","DD","2","VSMC","inflammation_ap1_nfkb",0.110166679534375,512,1406122.42818261
"DD2","DD","DD","2","VSMC","inflammation_ap1_nfkb",0.311508850900533,331,1090646.38574983
"DD3","DD","DD","2","VSMC","inflammation_ap1_nfkb",-0.109251838717338,389,1178850.46591961
"Dermis1","Dermis","Uninjured","3","Pericyte","inflammation_ap1_nfkb",0.543774438698134,51,90889.2168124495
"Dermis2","Dermis","Uninjured","3","Pericyte","inflammation_ap1_nfkb",0.197860316930545,64,95019.1624545057
"Dermis3","Dermis","Uninjured","3","Pericyte","inflammation_ap1_nfkb",-0.302046163767453,25,43085.4678852978
"SF1","SF","Uninjured","3","Pericyte","inflammation_ap1_nfkb",0.969959438778358,107,390347.360296792
"SF2","SF","Uninjured","3","Pericyte","inflammation_ap1_nfkb",-0.00817655992617181,53,214217.450766183
"SF3","SF","Uninjured","3","Pericyte","inflammation_ap1_nfkb",0.195442226416536,12,42138.6339430442
"DD1","DD","DD","3","Pericyte","inflammation_ap1_nfkb",0.0647819489009538,487,1491281.66749562
"DD2","DD","DD","3","Pericyte","inflammation_ap1_nfkb",0.444911480171519,284,999385.800593251
"DD3","DD","DD","3","Pericyte","inflammation_ap1_nfkb",-0.289193431425478,337,1138632.08827108
"Dermis1","Dermis","Uninjured","0","FB","hypoxia",-0.0785621474902072,1765,5467424.98379701
"Dermis2","Dermis","Uninjured","0","FB","hypoxia",-0.255517097948531,283,606645.954668903
"Dermis3","Dermis","Uninjured","0","FB","hypoxia",-0.209907446640452,389,1614383.17757474
"SF1","SF","Uninjured","0","FB","hypoxia",0.274055627677931,1199,5729864.87756597
"SF2","SF","Uninjured","0","FB","hypoxia",0.00657858823134727,885,6504502.65085137
"SF3","SF","Uninjured","0","FB","hypoxia",-0.0791918675324396,369,2290169.69525231
"DD1","DD","DD","0","FB","hypoxia",-0.0396768300864959,831,2349260.25251866
"DD2","DD","DD","0","FB","hypoxia",-0.026263479378988,1426,7157699.18649563
"DD3","DD","DD","0","FB","hypoxia",0.0243495286495061,568,1923766.15659188
"Dermis2","Dermis","Uninjured","1","Myofib","hypoxia",-0.58895057327792,4,12361.6082313419
"SF1","SF","Uninjured","1","Myofib","hypoxia",1.25665815622474,1,3176.06799447985
"SF2","SF","Uninjured","1","Myofib","hypoxia",-0.132893962717567,13,68914.7910862474
"DD1","DD","DD","1","Myofib","hypoxia",0.085815136656557,106,833504.751771542
"DD2","DD","DD","1","Myofib","hypoxia",0.0205317714415929,2216,22181565.6436082
"DD3","DD","DD","1","Myofib","hypoxia",0.00553502886818058,1640,13512556.3900719
"Dermis1","Dermis","Uninjured","2","VSMC","hypoxia",-0.0590776954137963,862,2294646.63582506
"Dermis2","Dermis","Uninjured","2","VSMC","hypoxia",0.0902710704424945,171,366509.533865956
"Dermis3","Dermis","Uninjured","2","VSMC","hypoxia",0.00226329750598284,652,2128434.59444131
"SF1","SF","Uninjured","2","VSMC","hypoxia",0.243955352286862,367,1665579.15998533
"SF2","SF","Uninjured","2","VSMC","hypoxia",-0.0487359083999858,198,1505244.5691408
"SF3","SF","Uninjured","2","VSMC","hypoxia",-0.240987347719678,65,443972.448860167
"DD1","DD","DD","2","VSMC","hypoxia",0.0418472235821622,512,1406122.42818261
"DD2","DD","DD","2","VSMC","hypoxia",0.00155050688642818,331,1090646.38574983
"DD3","DD","DD","2","VSMC","hypoxia",-0.184314525543888,389,1178850.46591961
"Dermis1","Dermis","Uninjured","3","Pericyte","hypoxia",0.103549684107046,51,90889.2168124495
"Dermis2","Dermis","Uninjured","3","Pericyte","hypoxia",0.0331919058239303,64,95019.1624545057
"Dermis3","Dermis","Uninjured","3","Pericyte","hypoxia",-0.0829471154792228,25,43085.4678852978
"SF1","SF","Uninjured","3","Pericyte","hypoxia",0.567158879535797,107,390347.360296792
"SF2","SF","Uninjured","3","Pericyte","hypoxia",-0.0674047989963955,53,214217.450766183
"SF3","SF","Uninjured","3","Pericyte","hypoxia",-0.478530589504208,12,42138.6339430442
"DD1","DD","DD","3","Pericyte","hypoxia",-0.0544510173601188,487,1491281.66749562
"DD2","DD","DD","3","Pericyte","hypoxia",0.0287042021489032,284,999385.800593251
"DD3","DD","DD","3","Pericyte","hypoxia",-0.158603556579566,337,1138632.08827108
"Dermis1","Dermis","Uninjured","0","FB","cell_cycle",0.0630506671436922,1765,5467424.98379701
"Dermis2","Dermis","Uninjured","0","FB","cell_cycle",-0.376604832604952,283,606645.954668903
"Dermis3","Dermis","Uninjured","0","FB","cell_cycle",1.36110954818345,389,1614383.17757474
"SF1","SF","Uninjured","0","FB","cell_cycle",-0.267991395477587,1199,5729864.87756597
"SF2","SF","Uninjured","0","FB","cell_cycle",-0.483585969988143,885,6504502.65085137
"SF3","SF","Uninjured","0","FB","cell_cycle",-0.677013747103826,369,2290169.69525231
"DD1","DD","DD","0","FB","cell_cycle",-0.238194107507763,831,2349260.25251866
"DD2","DD","DD","0","FB","cell_cycle",0.387583518257011,1426,7157699.18649563
"DD3","DD","DD","0","FB","cell_cycle",-0.254051789970875,568,1923766.15659188
"Dermis2","Dermis","Uninjured","1","Myofib","cell_cycle",0.20109987713235,4,12361.6082313419
"SF1","SF","Uninjured","1","Myofib","cell_cycle",0.990134507234261,1,3176.06799447985
"SF2","SF","Uninjured","1","Myofib","cell_cycle",-0.583903543974593,13,68914.7910862474
"DD1","DD","DD","1","Myofib","cell_cycle",-0.178576232093769,106,833504.751771542
"DD2","DD","DD","1","Myofib","cell_cycle",0.577065806154349,2216,22181565.6436082
"DD3","DD","DD","1","Myofib","cell_cycle",0.765570415770991,1640,13512556.3900719
"Dermis1","Dermis","Uninjured","2","VSMC","cell_cycle",-0.160089550093653,862,2294646.63582506
"Dermis2","Dermis","Uninjured","2","VSMC","cell_cycle",-0.37406708063433,171,366509.533865956
"Dermis3","Dermis","Uninjured","2","VSMC","cell_cycle",-0.267209238726048,652,2128434.59444131
"SF1","SF","Uninjured","2","VSMC","cell_cycle",-0.134501661584092,367,1665579.15998533
"SF2","SF","Uninjured","2","VSMC","cell_cycle",-0.365760645356638,198,1505244.5691408
"SF3","SF","Uninjured","2","VSMC","cell_cycle",-0.357961842270835,65,443972.448860167
"DD1","DD","DD","2","VSMC","cell_cycle",-0.12529567160669,512,1406122.42818261
"DD2","DD","DD","2","VSMC","cell_cycle",-0.149852788772605,331,1090646.38574983
"DD3","DD","DD","2","VSMC","cell_cycle",0.664548714461218,389,1178850.46591961
"Dermis1","Dermis","Uninjured","3","Pericyte","cell_cycle",-0.0779371836117809,51,90889.2168124495
"Dermis2","Dermis","Uninjured","3","Pericyte","cell_cycle",-0.107709772546614,64,95019.1624545057
"Dermis3","Dermis","Uninjured","3","Pericyte","cell_cycle",-0.269700758926275,25,43085.4678852978
"SF1","SF","Uninjured","3","Pericyte","cell_cycle",-0.0301227010617094,107,390347.360296792
"SF2","SF","Uninjured","3","Pericyte","cell_cycle",-0.295334017341716,53,214217.450766183
"SF3","SF","Uninjured","3","Pericyte","cell_cycle",-0.437453800380082,12,42138.6339430442
"DD1","DD","DD","3","Pericyte","cell_cycle",0.42073336360291,487,1491281.66749562
"DD2","DD","DD","3","Pericyte","cell_cycle",0.483365374739571,284,999385.800593251
"DD3","DD","DD","3","Pericyte","cell_cycle",0.298656538954771,337,1138632.08827108
"Dermis1","Dermis","Uninjured","0","FB","primary_mechanotransduction_composite",-0.180376565431311,1765,5467424.98379701
"Dermis2","Dermis","Uninjured","0","FB","primary_mechanotransduction_composite",-0.202478328435054,283,606645.954668903
"Dermis3","Dermis","Uninjured","0","FB","primary_mechanotransduction_composite",-0.0666681116557761,389,1614383.17757474
"SF1","SF","Uninjured","0","FB","primary_mechanotransduction_composite",-0.210810393256803,1199,5729864.87756597
"SF2","SF","Uninjured","0","FB","primary_mechanotransduction_composite",0.0500997142275589,885,6504502.65085137
"SF3","SF","Uninjured","0","FB","primary_mechanotransduction_composite",-0.0232974436322957,369,2290169.69525231
"DD1","DD","DD","0","FB","primary_mechanotransduction_composite",-0.105898733304093,831,2349260.25251866
"DD2","DD","DD","0","FB","primary_mechanotransduction_composite",-0.0420944189373017,1426,7157699.18649563
"DD3","DD","DD","0","FB","primary_mechanotransduction_composite",-0.0396999512898066,568,1923766.15659188
"Dermis2","Dermis","Uninjured","1","Myofib","primary_mechanotransduction_composite",0.169625641580114,4,12361.6082313419
"SF1","SF","Uninjured","1","Myofib","primary_mechanotransduction_composite",0.401861617358688,1,3176.06799447985
"SF2","SF","Uninjured","1","Myofib","primary_mechanotransduction_composite",-0.0227871123096877,13,68914.7910862474
"DD1","DD","DD","1","Myofib","primary_mechanotransduction_composite",-0.0747195917854337,106,833504.751771542
"DD2","DD","DD","1","Myofib","primary_mechanotransduction_composite",0.109104385910172,2216,22181565.6436082
"DD3","DD","DD","1","Myofib","primary_mechanotransduction_composite",0.0547208360551991,1640,13512556.3900719
"Dermis1","Dermis","Uninjured","2","VSMC","primary_mechanotransduction_composite",-0.0012670504246182,862,2294646.63582506
"Dermis2","Dermis","Uninjured","2","VSMC","primary_mechanotransduction_composite",-0.00588439864911574,171,366509.533865956
"Dermis3","Dermis","Uninjured","2","VSMC","primary_mechanotransduction_composite",0.0405560030642558,652,2128434.59444131
"SF1","SF","Uninjured","2","VSMC","primary_mechanotransduction_composite",-0.0571242792989203,367,1665579.15998533
"SF2","SF","Uninjured","2","VSMC","primary_mechanotransduction_composite",0.249100073645693,198,1505244.5691408
"SF3","SF","Uninjured","2","VSMC","primary_mechanotransduction_composite",0.0435044592719223,65,443972.448860167
"DD1","DD","DD","2","VSMC","primary_mechanotransduction_composite",-0.0629474434961901,512,1406122.42818261
"DD2","DD","DD","2","VSMC","primary_mechanotransduction_composite",0.068396863741613,331,1090646.38574983
"DD3","DD","DD","2","VSMC","primary_mechanotransduction_composite",0.0898375723254272,389,1178850.46591961
"Dermis1","Dermis","Uninjured","3","Pericyte","primary_mechanotransduction_composite",-0.236946118961108,51,90889.2168124495
"Dermis2","Dermis","Uninjured","3","Pericyte","primary_mechanotransduction_composite",-0.0409308840114674,64,95019.1624545057
"Dermis3","Dermis","Uninjured","3","Pericyte","primary_mechanotransduction_composite",0.0913472954493625,25,43085.4678852978
"SF1","SF","Uninjured","3","Pericyte","primary_mechanotransduction_composite",0.00385719745657703,107,390347.360296792
"SF2","SF","Uninjured","3","Pericyte","primary_mechanotransduction_composite",0.0504174376224365,53,214217.450766183
"SF3","SF","Uninjured","3","Pericyte","primary_mechanotransduction_composite",-0.0450809936076138,12,42138.6339430442
"DD1","DD","DD","3","Pericyte","primary_mechanotransduction_composite",-0.0793948274636789,487,1491281.66749562
"DD2","DD","DD","3","Pericyte","primary_mechanotransduction_composite",0.0228362226180525,284,999385.800593251
"DD3","DD","DD","3","Pericyte","primary_mechanotransduction_composite",0.0531413256232021,337,1138632.08827108
