"source","pair_family","gene_a","gene_b","samples","positive_samples","median_excess_co_detection_rate","IQR_excess_co_detection_rate","median_enrichment_ratio","median_permutation_p","wilcoxon_one_sided_p","BH_FDR_within_source_pair_family","descriptive_within_sample_support"
"GSE130973","integrin_x_actomyosin","FERMT2","CDC42",5,3,0.000764906740856303,0.00417276523834487,1.00452337912775,0.512437810945274,0.446369200472174,0.595158933962899,FALSE
"PRJNA607098","integrin_x_actomyosin","FERMT2","CDC42",12,12,0.0329843026154893,0.019412148408948,1.0620508346958,0.00497512437810945,0.00110886073211853,0.00266126575708446,TRUE
"GSE130973","integrin_x_actomyosin","ITGA2","CDC42",5,3,0.00176417369518492,0.00294398536382975,1.24213419485498,0.17910447761194,0.112457942007981,0.385570086884506,FALSE
"PRJNA607098","integrin_x_actomyosin","ITGA2","CDC42",12,10,0.00145322791855208,0.00182305195694567,1.14499718835468,0.308457711442786,0.0206947020045747,0.0275929360060995,TRUE
"GSE130973","integrin_x_actomyosin","ITGA5","CDC42",5,2,-0.00175233981359166,0.0107264016253649,0.978614620202214,0.616915422885572,0.342915217225803,0.548664347561285,FALSE
"PRJNA607098","integrin_x_actomyosin","ITGA5","CDC42",12,12,0.0334085814904957,0.0195410253144918,1.07406610648475,0.00497512437810945,0.00110886073211853,0.00266126575708446,TRUE
"GSE130973","integrin_x_actomyosin","ITGAV","CDC42",5,4,0.00180244892392609,0.00577334187895689,1.00793164414687,0.393034825870647,0.250092128535397,0.461708544988426,FALSE
"PRJNA607098","integrin_x_actomyosin","ITGAV","CDC42",12,0,0,0,NA,1,1,1,FALSE
"GSE130973","integrin_x_actomyosin","ITGB1","CDC42",5,2,-0.00239901285226071,0.0119853099106409,0.990976433228282,0.701492537313433,0.342915217225803,0.548664347561285,FALSE
"PRJNA607098","integrin_x_actomyosin","ITGB1","CDC42",12,12,0.0266772608675497,0.0143678723145804,1.04099768330531,0.00497512437810945,0.00110886073211853,0.00266126575708446,TRUE
"GSE130973","integrin_x_actomyosin","PARVA","CDC42",5,2,-0.00192906318737222,0.00704547823621633,0.973367268989722,0.701492537313433,0.553630799527826,0.664356959433391,FALSE
"PRJNA607098","integrin_x_actomyosin","PARVA","CDC42",12,12,0.0365650862301567,0.0301915716269814,1.1352129264187,0.00497512437810945,0.00110886073211853,0.00266126575708446,TRUE
"GSE130973","integrin_x_actomyosin","FERMT2","CFL1",5,4,0.00133214633325437,0.00172540402481916,1.0118713163652,0.388059701492537,0.17261553588592,0.460308095695787,FALSE
"PRJNA607098","integrin_x_actomyosin","FERMT2","CFL1",12,12,0.0177373101828406,0.0177672930414449,1.03085731131134,0.00497512437810945,0.00110886073211853,0.00266126575708446,TRUE
"GSE130973","integrin_x_actomyosin","ITGA2","CFL1",5,4,0.000444262132725905,0.000605198080372656,1.06254651655754,0.606965174129353,0.0690053687843298,0.276021475137319,FALSE
"PRJNA607098","integrin_x_actomyosin","ITGA2","CFL1",12,11,0.000762113413208677,0.00104951516999752,1.0613862560972,0.420398009950249,0.00481648788629434,0.00679974760418024,TRUE
"GSE130973","integrin_x_actomyosin","ITGA5","CFL1",5,3,0.000218473402100558,0.00260976134598528,1.0020355544175,0.532338308457711,0.446369200472174,0.595158933962899,FALSE
"PRJNA607098","integrin_x_actomyosin","ITGA5","CFL1",12,12,0.0144580949614279,0.0116103208874137,1.03025078712306,0.0174129353233831,0.00110886073211853,0.00266126575708446,TRUE
"GSE130973","integrin_x_actomyosin","ITGAV","CFL1",5,4,0.00327595192035551,0.00263045100562732,1.01121842373029,0.139303482587065,0.0690053687843298,0.276021475137319,FALSE
"PRJNA607098","integrin_x_actomyosin","ITGAV","CFL1",12,0,0,0,NA,1,1,1,FALSE
"GSE130973","integrin_x_actomyosin","ITGB1","CFL1",5,4,0.00083139493623452,0.00282872594776551,1.00193637086552,0.422885572139304,0.250092128535397,0.461708544988426,FALSE
"PRJNA607098","integrin_x_actomyosin","ITGB1","CFL1",12,11,0.0204153157937998,0.0136539863704254,1.02578469218263,0.00497512437810945,0.00143670696392626,0.00267649449268071,TRUE
"GSE130973","integrin_x_actomyosin","PARVA","CFL1",5,3,0.00210689650963633,0.00415942558204532,1.01516102356734,0.313432835820896,0.250092128535397,0.461708544988426,FALSE
"PRJNA607098","integrin_x_actomyosin","PARVA","CFL1",12,11,0.0188487554697029,0.0121099640029575,1.05093723230052,0.00497512437810945,0.00167280905792544,0.00267649449268071,TRUE
"GSE130973","integrin_x_actomyosin","FERMT2","CNN2",5,4,0.00320750557880203,0.0075611411590517,1.15991312566013,0.0895522388059701,0.0398079007300567,0.276021475137319,FALSE
"PRJNA607098","integrin_x_actomyosin","FERMT2","CNN2",12,12,0.0247891408735677,0.0104649724799853,1.11548856654306,0.00497512437810945,0.00110886073211853,0.00266126575708446,TRUE
"GSE130973","integrin_x_actomyosin","ITGA2","CNN2",5,3,1.78357971471057e-05,0.00152278334783796,1.04569444531083,0.621890547263682,0.250092128535397,0.461708544988426,FALSE
"PRJNA607098","integrin_x_actomyosin","ITGA2","CNN2",12,6,-1.15636749115244e-05,0.00214322697928571,0.984967743642974,0.654228855721393,0.376841858863079,0.452210230635694,FALSE
"GSE130973","integrin_x_actomyosin","ITGA5","CNN2",5,4,0.00190181054447147,0.00913163781387988,1.07321886935307,0.343283582089552,0.0690053687843298,0.276021475137319,FALSE
"PRJNA607098","integrin_x_actomyosin","ITGA5","CNN2",12,12,0.0223756077710478,0.0184044246780063,1.13683594695918,0.00746268656716418,0.00110886073211853,0.00266126575708446,TRUE
"GSE130973","integrin_x_actomyosin","ITGAV","CNN2",5,3,0.00430056256889748,0.00993944900433352,1.07222227773012,0.213930348258706,0.446369200472174,0.595158933962899,FALSE
"PRJNA607098","integrin_x_actomyosin","ITGAV","CNN2",12,0,0,0,NA,1,1,1,FALSE
"GSE130973","integrin_x_actomyosin","ITGB1","CNN2",5,4,0.00250572911115203,0.00234656967572013,1.03065575531706,0.407960199004975,0.17261553588592,0.460308095695787,FALSE
"PRJNA607098","integrin_x_actomyosin","ITGB1","CNN2",12,12,0.0167012787970498,0.0151700249547631,1.05859474178355,0.00497512437810945,0.00110886073211853,0.00266126575708446,TRUE
"GSE130973","integrin_x_actomyosin","PARVA","CNN2",5,4,0.0047044723403843,0.0041171187383694,1.15628814307017,0.199004975124378,0.0690053687843298,0.276021475137319,FALSE
"PRJNA607098","integrin_x_actomyosin","PARVA","CNN2",12,12,0.0349506867951715,0.0250298792086011,1.2260288011658,0.00497512437810945,0.00110886073211853,0.00266126575708446,TRUE
"GSE130973","integrin_x_actomyosin","FERMT2","LIMK1",5,3,0.000761503932391966,0.0037164848775248,1.09668992262423,0.388059701492537,0.657084782774197,0.750954037456225,FALSE
"PRJNA607098","integrin_x_actomyosin","FERMT2","LIMK1",12,11,0.00996602043780745,0.00756187403218086,1.09495453963376,0.0522388059701493,0.00167280905792544,0.00267649449268071,TRUE
"GSE130973","integrin_x_actomyosin","ITGA2","LIMK1",5,0,-0.000207167015763056,0.000186405092416502,0,1,0.978442776608462,0.978442776608462,FALSE
"PRJNA607098","integrin_x_actomyosin","ITGA2","LIMK1",12,8,0.00020449090979571,0.00155670566708791,1.40802725118483,0.40547263681592,0.143001692010353,0.180633716223604,FALSE
"GSE130973","integrin_x_actomyosin","ITGA5","LIMK1",5,1,-0.000356893809685705,0.00113877773556835,0.807893003743167,0.736318407960199,0.749907871464603,0.782512561528281,FALSE
"PRJNA607098","integrin_x_actomyosin","ITGA5","LIMK1",12,11,0.00992200192718229,0.0154006308040318,1.140625,0.0621890547263682,0.00167280905792544,0.00267649449268071,TRUE
"GSE130973","integrin_x_actomyosin","ITGAV","LIMK1",5,4,0.00281509341957715,0.00156404153526097,1.55211450092314,0.0995024875621891,0.0398079007300567,0.276021475137319,FALSE
"PRJNA607098","integrin_x_actomyosin","ITGAV","LIMK1",12,0,0,0,NA,1,1,1,FALSE
"GSE130973","integrin_x_actomyosin","ITGB1","LIMK1",5,2,-0.000679864529190055,0.00380557746914449,0.929625800233381,0.751243781094527,0.553630799527826,0.664356959433391,FALSE
"PRJNA607098","integrin_x_actomyosin","ITGB1","LIMK1",12,10,0.00680180541439392,0.00645962293626869,1.056519747557,0.0174129353233831,0.00292353789866024,0.00438530684799036,TRUE
"GSE130973","integrin_x_actomyosin","PARVA","LIMK1",5,2,-0.000611583826013025,0.00164529462884967,0.829533772710079,0.786069651741294,0.749907871464603,0.782512561528281,FALSE
"PRJNA607098","integrin_x_actomyosin","PARVA","LIMK1",12,11,0.0108554411983274,0.00656306432560416,1.18798787419477,0.0323383084577114,0.00167280905792544,0.00267649449268071,TRUE
"GSE130973","integrin_x_hippo","FERMT2","NF2",5,1,-0.000675649764081324,0.00164824761188553,0.85360717729119,0.81592039800995,0.749907871464603,0.749907871464603,FALSE
"PRJNA607098","integrin_x_hippo","FERMT2","NF2",12,9,0.0101476932810885,0.0133922239633804,1.10206916099773,0.0223880597014925,0.0309418755260688,0.0412558340347585,TRUE
"GSE130973","integrin_x_hippo","ITGA2","NF2",5,2,-6.07517623951288e-05,0.000779154492599648,0,1,0.553630799527826,0.603960872212174,FALSE
"PRJNA607098","integrin_x_hippo","ITGA2","NF2",12,9,0.000422237355001291,0.00180308541914365,1.28612012987013,0.395522388059702,0.0164271099643219,0.0281607599388375,TRUE
"GSE130973","integrin_x_hippo","ITGA5","NF2",5,4,0.000702909699095432,0.00269741341086226,1.40256675979441,0.253731343283582,0.17261553588592,0.230154047847893,FALSE
"PRJNA607098","integrin_x_hippo","ITGA5","NF2",12,11,0.0156295730830208,0.0115410484817521,1.15984284532672,0.0124378109452736,0.00167280905792544,0.00334561811585088,TRUE
"GSE130973","integrin_x_hippo","ITGAV","NF2",5,5,0.00200119184891619,0.000787380777572595,1.20133416160674,0.303482587064677,0.0215572233915377,0.11942370219017,FALSE
"PRJNA607098","integrin_x_hippo","ITGAV","NF2",12,0,0,0,NA,1,1,1,FALSE
"GSE130973","integrin_x_hippo","ITGB1","NF2",5,4,0.000783981446781039,0.00158841900749536,1.07569283651207,0.343283582089552,0.112457942007981,0.192785043442253,FALSE
"PRJNA607098","integrin_x_hippo","ITGB1","NF2",12,11,0.00873470035062478,0.00503456063522938,1.0613774724896,0.00995024875621891,0.00167280905792544,0.00334561811585088,TRUE
"GSE130973","integrin_x_hippo","PARVA","NF2",5,3,0.000120210375061721,0.00395093357857449,1.10885865732105,0.557213930348259,0.250092128535397,0.300110554242477,FALSE
"PRJNA607098","integrin_x_hippo","PARVA","NF2",12,10,0.0168546205518342,0.0182718251028892,1.21623712645924,0.00995024875621891,0.0252303043055468,0.0378454564583202,TRUE
"GSE130973","integrin_x_mechanosensor","FERMT2","PANX1",5,3,6.29225515225143e-05,0.00789144624069224,1.01113404849596,0.552238805970149,0.446369200472174,0.573903257749938,FALSE
"PRJNA607098","integrin_x_mechanosensor","FERMT2","PANX1",12,12,0.0122908566175286,0.0113815268422009,1.15213406007171,0.0398009950248756,0.00110886073211853,0.00431012089177878,TRUE
"GSE130973","integrin_x_mechanosensor","ITGA2","PANX1",5,3,0.00110373203748026,0.00130512884508962,1.35348328424622,0.437810945273632,0.112457942007981,0.28917756516338,FALSE
"PRJNA607098","integrin_x_mechanosensor","ITGA2","PANX1",12,8,0.000764411175605191,0.00319019796813338,1.46878786899302,0.368159203980099,0.0497404403781822,0.0746106605672734,FALSE
"GSE130973","integrin_x_mechanosensor","ITGA5","PANX1",5,5,0.00324736343900573,0.00113456991020582,1.2284744234517,0.199004975124378,0.0215572233915377,0.194015010523839,FALSE
"PRJNA607098","integrin_x_mechanosensor","ITGA5","PANX1",12,11,0.00984047053877037,0.0100144940146499,1.14003542573667,0.0621890547263682,0.00143670696392626,0.00431012089177878,TRUE
"GSE130973","integrin_x_mechanosensor","ITGAV","PANX1",5,4,0.0025315158513735,0.00163115952035393,1.1362368377984,0.298507462686567,0.0690053687843298,0.28917756516338,FALSE
"PRJNA607098","integrin_x_mechanosensor","ITGAV","PANX1",12,0,0,0,NA,1,1,1,FALSE
"GSE130973","integrin_x_mechanosensor","ITGB1","PANX1",5,4,0.00201300132750652,0.00272353983254162,1.03938020192336,0.328358208955224,0.250092128535397,0.450165831363715,FALSE
"PRJNA607098","integrin_x_mechanosensor","ITGB1","PANX1",12,12,0.0059455844170152,0.00266188288187754,1.05103577233327,0.0597014925373134,0.00110886073211853,0.00431012089177878,TRUE
"GSE130973","integrin_x_mechanosensor","PARVA","PANX1",5,3,0.000376268156316317,0.00129320897015183,1.03568495235688,0.507462686567164,0.342915217225803,0.514372825838704,FALSE
"PRJNA607098","integrin_x_mechanosensor","PARVA","PANX1",12,12,0.0131525362263567,0.0113511429736484,1.23170975911506,0.0149253731343284,0.00110886073211853,0.00431012089177878,TRUE
"GSE130973","integrin_x_mechanosensor","FERMT2","PIEZO2",5,2,-0.0002198971826772,0.00117269542619859,0.971688517319713,0.592039800995025,0.553630799527826,0.664356959433391,FALSE
"PRJNA607098","integrin_x_mechanosensor","FERMT2","PIEZO2",12,8,0.00166077038000917,0.00807912132818643,1.00900163666121,0.537313432835821,0.0911691770903842,0.117217513401923,FALSE
"GSE130973","integrin_x_mechanosensor","ITGA2","PIEZO2",5,3,0.000312066900682774,0.000723665847509483,1.30695531674727,0.467661691542289,0.342915217225803,0.514372825838704,FALSE
"PRJNA607098","integrin_x_mechanosensor","ITGA2","PIEZO2",12,9,0.00148947426296614,0.00279346862179702,1.35042863164091,0.32089552238806,0.0170852363461147,0.0307534254230065,TRUE
"GSE130973","integrin_x_mechanosensor","ITGA5","PIEZO2",5,1,-0.000415826315196125,0.000491484900893709,0.913952680388798,0.711442786069652,0.749907871464603,0.749907871464603,FALSE
"PRJNA607098","integrin_x_mechanosensor","ITGA5","PIEZO2",12,10,0.0151199691727871,0.00852979231151022,1.12310771251157,0.00995024875621891,0.00237088401920349,0.00609655890652326,TRUE
"GSE130973","integrin_x_mechanosensor","ITGAV","PIEZO2",5,3,6.49003544928722e-05,0.000903256887674483,1.00819868625277,0.616915422885572,0.250092128535397,0.450165831363715,FALSE
"PRJNA607098","integrin_x_mechanosensor","ITGAV","PIEZO2",12,0,0,0,NA,1,1,1,FALSE
"GSE130973","integrin_x_mechanosensor","ITGB1","PIEZO2",5,4,0.000621767028984458,0.00231878557022997,1.05349393659233,0.388059701492537,0.112457942007981,0.28917756516338,FALSE
"PRJNA607098","integrin_x_mechanosensor","ITGB1","PIEZO2",12,7,0.00579966595978436,0.00971589025049084,1.02246885876964,0.293532338308458,0.0583322323905117,0.0807677063868624,FALSE
"GSE130973","integrin_x_mechanosensor","PARVA","PIEZO2",5,2,-3.12604284332281e-05,0.000807887717762207,0.994507656740728,0.567164179104478,0.749907871464603,0.749907871464603,FALSE
"PRJNA607098","integrin_x_mechanosensor","PARVA","PIEZO2",12,11,0.0152174881767949,0.0103665369057403,1.11377624595669,0.0572139303482587,0.00143670696392626,0.00431012089177878,TRUE
"GSE130973","integrin_x_hippo","FERMT2","TEAD1",5,4,0.00276062070791631,0.00150278140699152,1.1031847343584,0.303482587064677,0.0690053687843298,0.13801073756866,FALSE
"PRJNA607098","integrin_x_hippo","FERMT2","TEAD1",12,12,0.0171763683872655,0.0092427901813482,1.10073431247435,0.00497512437810945,0.00110886073211853,0.00332658219635558,TRUE
"GSE130973","integrin_x_hippo","ITGA2","TEAD1",5,4,0.0003720894177382,5.51122402185609e-05,1.13540197461213,0.567164179104478,0.0398079007300567,0.11942370219017,FALSE
"PRJNA607098","integrin_x_hippo","ITGA2","TEAD1",12,5,-5.58292661876779e-05,0.00163568235500729,0.951434790852243,0.584577114427861,0.468736461181238,0.562483753417485,FALSE
"GSE130973","integrin_x_hippo","ITGA5","TEAD1",5,4,0.0052036644662904,0.00456722104485186,1.11314089004521,0.144278606965174,0.0690053687843298,0.13801073756866,FALSE
"PRJNA607098","integrin_x_hippo","ITGA5","TEAD1",12,12,0.018522055098631,0.0104221865685328,1.16893788142576,0.00497512437810945,0.00110886073211853,0.00332658219635558,TRUE
"GSE130973","integrin_x_hippo","ITGAV","TEAD1",5,5,0.00411176198341315,0.00157215834209528,1.15735229722771,0.18407960199005,0.0215572233915377,0.11942370219017,FALSE
"PRJNA607098","integrin_x_hippo","ITGAV","TEAD1",12,0,0,0,NA,1,1,1,FALSE
"GSE130973","integrin_x_hippo","ITGB1","TEAD1",5,4,0.00378647145690586,0.00289349698820432,1.03883857460683,0.213930348258706,0.17261553588592,0.230154047847893,FALSE
"PRJNA607098","integrin_x_hippo","ITGB1","TEAD1",12,12,0.0106454502280901,0.00652812195463935,1.05157278937612,0.00746268656716418,0.00110886073211853,0.00332658219635558,TRUE
"GSE130973","integrin_x_hippo","PARVA","TEAD1",5,4,0.0015878283009067,0.00444968032481312,1.10623881665275,0.358208955223881,0.0398079007300567,0.11942370219017,FALSE
"PRJNA607098","integrin_x_hippo","PARVA","TEAD1",12,12,0.0267036043406728,0.020961786389407,1.2422303886157,0.00746268656716418,0.00110886073211853,0.00332658219635558,TRUE
"GSE130973","integrin_x_mechanosensor","FERMT2","TMEM63B",5,2,-9.93813044447237e-05,0.00163464982646485,0.990981583965795,0.592039800995025,0.657084782774197,0.739220380620972,FALSE
"PRJNA607098","integrin_x_mechanosensor","FERMT2","TMEM63B",12,9,0.0103491596560478,0.0140088338616678,1.08375931476732,0.054726368159204,0.0421897212969802,0.0690377257586949,FALSE
"GSE130973","integrin_x_mechanosensor","ITGA2","TMEM63B",5,3,0.000770886425519133,0.000869054404851495,1.66754122987294,0.383084577114428,0.112457942007981,0.28917756516338,FALSE
"PRJNA607098","integrin_x_mechanosensor","ITGA2","TMEM63B",12,7,0.000601622754409151,0.0015597667873081,1.14506431308931,0.492537313432836,0.104713378480519,0.125656054176622,FALSE
"GSE130973","integrin_x_mechanosensor","ITGA5","TMEM63B",5,4,0.00375621393650966,0.00321515185130689,1.50643507028937,0.0597014925373134,0.0398079007300567,0.23884740438034,FALSE
"PRJNA607098","integrin_x_mechanosensor","ITGA5","TMEM63B",12,11,0.00931866570654401,0.0117279354615443,1.18656236364495,0.0174129353233831,0.00301977952432841,0.00679450392973893,TRUE
"GSE130973","integrin_x_mechanosensor","ITGAV","TMEM63B",5,3,0.00123248563482912,0.0020950758362283,1.18765502678678,0.467661691542289,0.250092128535397,0.450165831363715,FALSE
"PRJNA607098","integrin_x_mechanosensor","ITGAV","TMEM63B",12,0,0,0,NA,1,1,1,FALSE
"GSE130973","integrin_x_mechanosensor","ITGB1","TMEM63B",5,3,3.20975571942161e-06,0.00141164924648069,1.00015829069938,0.562189054726368,0.446369200472174,0.573903257749938,FALSE
"PRJNA607098","integrin_x_mechanosensor","ITGB1","TMEM63B",12,11,0.00674846031917965,0.0082830854663519,1.04636432101191,0.0348258706467662,0.0170852363461147,0.0307534254230065,TRUE
"GSE130973","integrin_x_mechanosensor","PARVA","TMEM63B",5,5,0.00116595080376304,0.000459525206599969,1.21364407312017,0.373134328358209,0.0215572233915377,0.194015010523839,FALSE
"PRJNA607098","integrin_x_mechanosensor","PARVA","TMEM63B",12,11,0.0148121267647611,0.00620489585652131,1.17598057003812,0.027363184079602,0.00143670696392626,0.00431012089177878,TRUE
