"seurat_cluster","reproduced_identity","gene","samples_evaluable","sample_ids","median_log2_cpm_difference","mean_log2_cpm_difference","minimum_log2_cpm_difference","positive_sample_fraction","strong_positive_sample_fraction","percent_cluster_cells_expressing","mean_cluster_log_normalized_expression","exploratory_wilcoxon_p","exploratory_bh_fdr"
"0","FB","CXCL14",9,"Dermis1;Dermis2;Dermis3;SF1;SF2;SF3;DD1;DD2;DD3",9.97262496603838,9.22835178074171,4.67872675158925,1,1,78.2242384964355,3.0037380346119,0.00915168885265016,0.0417538937388919
"0","FB","APOD",9,"Dermis1;Dermis2;Dermis3;SF1;SF2;SF3;DD1;DD2;DD3",9.69128058930245,10.4744730977019,8.68994968914467,1,1,62.9423201555412,2.20676225814701,0.00915168885265016,0.0417538937388919
"0","FB","PLA2G2A",9,"Dermis1;Dermis2;Dermis3;SF1;SF2;SF3;DD1;DD2;DD3",8.03711738311153,7.84941958030995,4.21254065135712,1,1,51.4970836033701,1.55969981931862,0.00915168885265016,0.0417538937388919
"0","FB","SCARA5",9,"Dermis1;Dermis2;Dermis3;SF1;SF2;SF3;DD1;DD2;DD3",7.77047252557881,7.50579487320572,5.83316429284134,1,1,41.0369410239793,0.70444422857322,0.00915168885265016,0.0417538937388919
"0","FB","ITM2A",9,"Dermis1;Dermis2;Dermis3;SF1;SF2;SF3;DD1;DD2;DD3",7.73939715203196,6.53342272455551,2.44816332571967,1,1,48.5158781594297,0.900952922528415,0.00915168885265016,0.0417538937388919
"0","FB","MGST1",9,"Dermis1;Dermis2;Dermis3;SF1;SF2;SF3;DD1;DD2;DD3",7.65170149894375,7.81420514610675,6.43618020311058,1,1,44.3940375891121,0.777404256155682,0.00915168885265016,0.0417538937388919
"0","FB","PTGDS",9,"Dermis1;Dermis2;Dermis3;SF1;SF2;SF3;DD1;DD2;DD3",7.2612963044814,6.85682593018391,3.31610792170141,1,1,15.5152300712897,0.375394739660045,0.00915168885265016,0.0417538937388919
"0","FB","PI16",9,"Dermis1;Dermis2;Dermis3;SF1;SF2;SF3;DD1;DD2;DD3",7.16631509599183,7.29932800875723,5.75487565057361,1,1,23.4607906675308,0.435734684108457,0.00915168885265016,0.0417538937388919
"0","FB","MFAP5",9,"Dermis1;Dermis2;Dermis3;SF1;SF2;SF3;DD1;DD2;DD3",7.15562438082885,7.47394234211821,3.25096836420115,1,1,57.0836033700583,1.27856885036986,0.00915168885265016,0.0417538937388919
"0","FB","SLPI",9,"Dermis1;Dermis2;Dermis3;SF1;SF2;SF3;DD1;DD2;DD3",7.07904419626659,6.6767727414943,4.87625112434538,1,1,11.8081659105638,0.196973092880587,0.00915168885265016,0.0417538937388919
"0","FB","FGL2",9,"Dermis1;Dermis2;Dermis3;SF1;SF2;SF3;DD1;DD2;DD3",6.97312116069609,7.12281012477056,6.50639248850761,1,1,33.8690861957226,0.536469401451623,0.00915168885265016,0.0417538937388919
"0","FB","CFD",9,"Dermis1;Dermis2;Dermis3;SF1;SF2;SF3;DD1;DD2;DD3",6.94750091878664,6.79136812450022,5.17055231952698,1,1,89.2546986390149,3.91035386468176,0.00915168885265016,0.0417538937388919
"0","FB","C3",9,"Dermis1;Dermis2;Dermis3;SF1;SF2;SF3;DD1;DD2;DD3",6.83643557224658,7.37939460378436,4.80578377027745,1,1,40.8684381075826,0.854948399582572,0.00915168885265016,0.0417538937388919
"0","FB","FGFBP2",9,"Dermis1;Dermis2;Dermis3;SF1;SF2;SF3;DD1;DD2;DD3",6.80341725919992,6.97888643902141,5.40462725897866,1,1,12.4821775761504,0.240974813331606,0.00915168885265016,0.0417538937388919
"0","FB","SFRP2",9,"Dermis1;Dermis2;Dermis3;SF1;SF2;SF3;DD1;DD2;DD3",6.69517356554824,5.84513147079558,2.0713206144036,1,1,50.6675307841867,1.19641134549293,0.00915168885265016,0.0417538937388919
"0","FB","PRG4",9,"Dermis1;Dermis2;Dermis3;SF1;SF2;SF3;DD1;DD2;DD3",6.66349148783143,6.7320755885736,4.02288535772906,1,1,17.7057679844459,0.428499399914459,0.00915168885265016,0.0417538937388919
"0","FB","C7",9,"Dermis1;Dermis2;Dermis3;SF1;SF2;SF3;DD1;DD2;DD3",6.62853456317222,6.29006745867174,3.54311597135914,1,1,19.9351911860013,0.455403792543615,0.00915168885265016,0.0417538937388919
"0","FB","FAM180B",9,"Dermis1;Dermis2;Dermis3;SF1;SF2;SF3;DD1;DD2;DD3",6.61439589086992,6.12387132756954,3.52434768344043,1,1,28.6066104990279,0.426531409665937,0.00915168885265016,0.0417538937388919
"0","FB","PTGFR",9,"Dermis1;Dermis2;Dermis3;SF1;SF2;SF3;DD1;DD2;DD3",6.60303628905696,6.13473857386448,3.07573335337738,1,1,35.6966947504861,0.558310322668421,0.00915168885265016,0.0417538937388919
"0","FB","FBLN1",9,"Dermis1;Dermis2;Dermis3;SF1;SF2;SF3;DD1;DD2;DD3",6.59672252094774,5.55288239622744,1.17791146647232,1,1,86.7530784186649,2.6538505079574,0.00915168885265016,0.0417538937388919
"0","FB","MYOC",9,"Dermis1;Dermis2;Dermis3;SF1;SF2;SF3;DD1;DD2;DD3",6.58893200112521,7.13931524880878,4.07621900832762,1,1,32.7414128321452,0.832398100498256,0.00915168885265016,0.0417538937388919
"0","FB","DCN",9,"Dermis1;Dermis2;Dermis3;SF1;SF2;SF3;DD1;DD2;DD3",6.57265303860849,6.38907317391045,2.19070007389064,1,1,97.9261179520415,4.53213524319683,0.00915168885265016,0.0417538937388919
"0","FB","VIT",9,"Dermis1;Dermis2;Dermis3;SF1;SF2;SF3;DD1;DD2;DD3",6.45830398728162,6.94021323379745,5.84501824217383,1,1,29.3065456902139,0.436037163230429,0.00915168885265016,0.0417538937388919
"0","FB","GDF10",9,"Dermis1;Dermis2;Dermis3;SF1;SF2;SF3;DD1;DD2;DD3",6.41465251052723,6.54427409425881,5.10899279033398,1,1,30.1360985093973,0.469487156526495,0.00915168885265016,0.0417538937388919
"0","FB","IGF1",9,"Dermis1;Dermis2;Dermis3;SF1;SF2;SF3;DD1;DD2;DD3",6.31367624773378,5.29873901886155,0.843044519001475,1,1,35.3856124432923,0.612700223734331,0.00915168885265016,0.0417538937388919
"0","FB","LAMA2",9,"Dermis1;Dermis2;Dermis3;SF1;SF2;SF3;DD1;DD2;DD3",6.23506965852214,5.07033421135369,0.536225055743965,1,1,23.0848995463383,0.311818849285821,0.00915168885265016,0.0417538937388919
"0","FB","HTRA3",9,"Dermis1;Dermis2;Dermis3;SF1;SF2;SF3;DD1;DD2;DD3",6.20125414190419,5.41124502496202,1.46893294504796,1,1,34.8152948801037,0.56618479543132,0.00915168885265016,0.0417538937388919
"0","FB","ABCA8",9,"Dermis1;Dermis2;Dermis3;SF1;SF2;SF3;DD1;DD2;DD3",6.14467075695416,6.29994394313575,4.99441447799764,1,1,36.1633182112767,0.643023798740753,0.00915168885265016,0.0417538937388919
"0","FB","ADH1B",9,"Dermis1;Dermis2;Dermis3;SF1;SF2;SF3;DD1;DD2;DD3",6.10074769757357,5.84455498236728,1.94300384330902,1,1,30.6416072585872,0.663176119667299,0.00915168885265016,0.0417538937388919
"0","FB","CILP",9,"Dermis1;Dermis2;Dermis3;SF1;SF2;SF3;DD1;DD2;DD3",6.05396069262723,5.7053542335084,1.74673058467628,1,1,37.8224238496435,0.705632529616007,0.00915168885265016,0.0417538937388919
"0","FB","SFRP1",9,"Dermis1;Dermis2;Dermis3;SF1;SF2;SF3;DD1;DD2;DD3",6.03884009390564,6.47588662363734,4.5973224171335,1,1,24.5366169799093,0.424367147383948,0.00915168885265016,0.0417538937388919
"0","FB","ABCA6",9,"Dermis1;Dermis2;Dermis3;SF1;SF2;SF3;DD1;DD2;DD3",5.98681188413806,6.69127467964443,4.44371498539713,1,1,26.9345430978613,0.422201541883374,0.00915168885265016,0.0417538937388919
"0","FB","PDGFRA",9,"Dermis1;Dermis2;Dermis3;SF1;SF2;SF3;DD1;DD2;DD3",5.97540684329042,5.28900718452363,1.1262180562904,1,1,39.4426441996112,0.590086501881795,0.00915168885265016,0.0417538937388919
"0","FB","GAS7",9,"Dermis1;Dermis2;Dermis3;SF1;SF2;SF3;DD1;DD2;DD3",5.96866803287829,4.97462475004999,2.21067582770283,1,1,17.8742709008425,0.22929925355209,0.00915168885265016,0.0417538937388919
"0","FB","GPC3",9,"Dermis1;Dermis2;Dermis3;SF1;SF2;SF3;DD1;DD2;DD3",5.91684819067988,6.20207246735503,3.29228904208572,1,1,40.7258587167855,0.809122291338663,0.00915168885265016,0.0417538937388919
"0","FB","CYP4B1",9,"Dermis1;Dermis2;Dermis3;SF1;SF2;SF3;DD1;DD2;DD3",5.90839206185447,5.7793351897071,3.76912701300716,1,1,12.4173687621517,0.181612214461439,0.00915168885265016,0.0417538937388919
"0","FB","EFEMP1",9,"Dermis1;Dermis2;Dermis3;SF1;SF2;SF3;DD1;DD2;DD3",5.86414741483519,6.48982658365576,3.1791196021691,1,1,59.4944912508101,1.30585723961963,0.00915168885265016,0.0417538937388919
"0","FB","ANGPTL5",9,"Dermis1;Dermis2;Dermis3;SF1;SF2;SF3;DD1;DD2;DD3",5.70356084051685,5.87403443569121,2.68276044425247,1,1,26.2086843810758,0.441625049717464,0.00915168885265016,0.0417538937388919
"0","FB","LINC01133",9,"Dermis1;Dermis2;Dermis3;SF1;SF2;SF3;DD1;DD2;DD3",5.68126448443755,5.63035359559705,3.30667997980813,1,1,12.9617627997408,0.165018645270148,0.00915168885265016,0.0417538937388919
"0","FB","FBLN5",9,"Dermis1;Dermis2;Dermis3;SF1;SF2;SF3;DD1;DD2;DD3",5.67535703204669,5.44877093201888,2.24684401900587,1,1,45.4439403758911,0.727563946081652,0.00915168885265016,0.0417538937388919
"0","FB","PDGFD",9,"Dermis1;Dermis2;Dermis3;SF1;SF2;SF3;DD1;DD2;DD3",5.61331102717037,5.11924926342288,1.35166885410486,1,1,29.0084251458198,0.417111411818058,0.00915168885265016,0.0417538937388919
"0","FB","PCOLCE2",9,"Dermis1;Dermis2;Dermis3;SF1;SF2;SF3;DD1;DD2;DD3",5.6073113860578,6.76186383159818,4.84699135753705,1,1,37.848347375243,0.80235035672201,0.00915168885265016,0.0417538937388919
"0","FB","VCAN",9,"Dermis1;Dermis2;Dermis3;SF1;SF2;SF3;DD1;DD2;DD3",5.59380905432658,5.4749488492571,2.25603806839616,1,1,57.9650032404407,1.13947607878036,0.00915168885265016,0.0417538937388919
"0","FB","TNXB",9,"Dermis1;Dermis2;Dermis3;SF1;SF2;SF3;DD1;DD2;DD3",5.5851753813158,5.32718576200467,3.88071668801404,1,1,66.3253402462735,1.50621461657235,0.00915168885265016,0.0417538937388919
"0","FB","PID1",9,"Dermis1;Dermis2;Dermis3;SF1;SF2;SF3;DD1;DD2;DD3",5.5625470939571,5.41268002960413,3.4923100899364,1,1,25.897602073882,0.349002823302562,0.00915168885265016,0.0417538937388919
"0","FB","SERPINA5",9,"Dermis1;Dermis2;Dermis3;SF1;SF2;SF3;DD1;DD2;DD3",5.52026192360426,5.50213670449699,3.68727609717705,1,1,15.152300712897,0.207044482912576,0.00915168885265016,0.0417538937388919
"0","FB","ABCA10",9,"Dermis1;Dermis2;Dermis3;SF1;SF2;SF3;DD1;DD2;DD3",5.46978767875325,5.53514355239326,4.41751936048426,1,1,11.6267012313675,0.179997694295575,0.00915168885265016,0.0417538937388919
"0","FB","LUM",9,"Dermis1;Dermis2;Dermis3;SF1;SF2;SF3;DD1;DD2;DD3",5.39586659835799,5.37010959907026,1.41002271626962,1,1,90.5638366817887,3.0991192390015,0.00915168885265016,0.0417538937388919
"0","FB","OMD",9,"Dermis1;Dermis2;Dermis3;SF1;SF2;SF3;DD1;DD2;DD3",5.38270044804789,5.52449475497173,3.12801921185802,1,1,21.2184057031756,0.29448512810573,0.00915168885265016,0.0417538937388919
"0","FB","CD34",9,"Dermis1;Dermis2;Dermis3;SF1;SF2;SF3;DD1;DD2;DD3",5.38079773038255,5.37660907220675,3.46758308284095,1,1,42.799740764744,0.685236588927668,0.00915168885265016,0.0417538937388919
"0","FB","FBLN2",9,"Dermis1;Dermis2;Dermis3;SF1;SF2;SF3;DD1;DD2;DD3",5.29615205308662,5.8705157552968,2.8006643147483,1,1,73.1950745301361,1.55602542755222,0.00915168885265016,0.0417538937388919
"0","FB","ENPP2",9,"Dermis1;Dermis2;Dermis3;SF1;SF2;SF3;DD1;DD2;DD3",5.26377120047982,5.08188909678619,1.8478718727293,1,1,12.8969539857421,0.173632164495746,0.00915168885265016,0.0417538937388919
"0","FB","SERPINE2",9,"Dermis1;Dermis2;Dermis3;SF1;SF2;SF3;DD1;DD2;DD3",5.25593621762732,4.3807054463336,1.03050548727004,1,1,20.7777057679844,0.326942003498455,0.00915168885265016,0.0417538937388919
"0","FB","CFH",9,"Dermis1;Dermis2;Dermis3;SF1;SF2;SF3;DD1;DD2;DD3",5.24742194476432,5.33885118277362,3.0801716316754,1,1,80.0907323395982,2.28371283879581,0.00915168885265016,0.0417538937388919
"0","FB","ABCA9",9,"Dermis1;Dermis2;Dermis3;SF1;SF2;SF3;DD1;DD2;DD3",5.20671410427324,5.85123948040262,4.20967863906425,1,1,14.2320155541154,0.210233672333726,0.00915168885265016,0.0417538937388919
"0","FB","XG",9,"Dermis1;Dermis2;Dermis3;SF1;SF2;SF3;DD1;DD2;DD3",5.20043821016038,4.88868176177079,0.928973684847355,1,1,30.0453661697991,0.406253212748571,0.00915168885265016,0.0417538937388919
"0","FB","SVEP1",9,"Dermis1;Dermis2;Dermis3;SF1;SF2;SF3;DD1;DD2;DD3",5.19170799780782,5.40243020557857,2.60342321950307,1,1,21.1795204147764,0.310642881443448,0.00915168885265016,0.0417538937388919
"0","FB","TRAC",9,"Dermis1;Dermis2;Dermis3;SF1;SF2;SF3;DD1;DD2;DD3",5.17724396988004,3.85479357759939,0.363959424273851,1,0.888888888888889,11.0823071937784,0.145425133899749,0.00915168885265016,0.0417538937388919
"0","FB","LRRN4CL",9,"Dermis1;Dermis2;Dermis3;SF1;SF2;SF3;DD1;DD2;DD3",5.12830175014495,5.02264373531503,2.74896807056238,1,1,30.2527543745949,0.396865420365018,0.00915168885265016,0.0417538937388919
"0","FB","OSR1",9,"Dermis1;Dermis2;Dermis3;SF1;SF2;SF3;DD1;DD2;DD3",5.08507368369066,4.87577409668034,3.44489515043669,1,1,13.3376539209332,0.189004328202359,0.00915168885265016,0.0417538937388919
"0","FB","PPL",9,"Dermis1;Dermis2;Dermis3;SF1;SF2;SF3;DD1;DD2;DD3",5.05322021349236,5.38908030762398,3.08590706645845,1,1,27.2326636422553,0.385472403893217,0.00915168885265016,0.0417538937388919
"0","FB","F3",9,"Dermis1;Dermis2;Dermis3;SF1;SF2;SF3;DD1;DD2;DD3",5.05265755124607,5.37400909007481,3.93989824686959,1,1,16.0337005832793,0.243348770067316,0.00915168885265016,0.0417538937388919
"0","FB","DIO3OS",9,"Dermis1;Dermis2;Dermis3;SF1;SF2;SF3;DD1;DD2;DD3",5.04903180958321,5.09134062731205,3.60843096997995,1,1,14.5690213869086,0.203715159839565,0.00915168885265016,0.0417538937388919
"0","FB","IL33",9,"Dermis1;Dermis2;Dermis3;SF1;SF2;SF3;DD1;DD2;DD3",4.91366881492804,3.98409166192524,0.18575770582985,1,0.777777777777778,16.2670123136747,0.191378055437016,0.00915168885265016,0.0417538937388919
"0","FB","CP",9,"Dermis1;Dermis2;Dermis3;SF1;SF2;SF3;DD1;DD2;DD3",4.88801126340664,4.73186450013693,2.0265127277531,1,1,11.3415424497732,0.172643125405652,0.00915168885265016,0.0417538937388919
"0","FB","NEGR1",9,"Dermis1;Dermis2;Dermis3;SF1;SF2;SF3;DD1;DD2;DD3",4.86678134122404,4.61956473022955,2.91678111126306,1,1,25.0291639662994,0.350232316906189,0.00915168885265016,0.0417538937388919
"0","FB","TNFSF10",9,"Dermis1;Dermis2;Dermis3;SF1;SF2;SF3;DD1;DD2;DD3",4.8664290859743,4.39654852592546,1.54186716927093,1,1,26.7271548930655,0.361454811142072,0.00915168885265016,0.0417538937388919
"0","FB","RAMP2",9,"Dermis1;Dermis2;Dermis3;SF1;SF2;SF3;DD1;DD2;DD3",4.80454531962709,4.77387459476993,3.48829590484999,1,1,34.1283214517174,0.4819198005584,0.00915168885265016,0.0417538937388919
"0","FB","TNFSF13B",9,"Dermis1;Dermis2;Dermis3;SF1;SF2;SF3;DD1;DD2;DD3",4.75539587224958,4.77873310706639,3.39545619119995,1,1,10.3823720025924,0.138165409813422,0.00915168885265016,0.0417538937388919
"0","FB","COL15A1",9,"Dermis1;Dermis2;Dermis3;SF1;SF2;SF3;DD1;DD2;DD3",4.69696100799912,4.15567556568963,1.91048250877244,1,1,28.5029163966299,0.445617198466366,0.00915168885265016,0.0417538937388919
"0","FB","DIO2",9,"Dermis1;Dermis2;Dermis3;SF1;SF2;SF3;DD1;DD2;DD3",4.68789486066574,4.17297996079141,1.68614755976792,1,1,15.1393389500972,0.230742468302653,0.00915168885265016,0.0417538937388919
"0","FB","CDO1",9,"Dermis1;Dermis2;Dermis3;SF1;SF2;SF3;DD1;DD2;DD3",4.68392404570054,4.76545601500192,1.13240536552692,1,1,25.0162022034997,0.381944203834451,0.00915168885265016,0.0417538937388919
"0","FB","NOVA1",9,"Dermis1;Dermis2;Dermis3;SF1;SF2;SF3;DD1;DD2;DD3",4.55033581545626,4.45121429371977,2.92730337955724,1,1,52.6766040181465,0.95184071827086,0.00915168885265016,0.0417538937388919
"0","FB","GAS1",9,"Dermis1;Dermis2;Dermis3;SF1;SF2;SF3;DD1;DD2;DD3",4.5205673955959,4.19235425717083,1.01540774737917,1,1,44.251458198315,0.728263550763022,0.00915168885265016,0.0417538937388919
"0","FB","LTBP4",9,"Dermis1;Dermis2;Dermis3;SF1;SF2;SF3;DD1;DD2;DD3",4.51646396369265,4.0942358531356,1.50116153038409,1,1,67.699287103046,1.34881400236022,0.00915168885265016,0.0417538937388919
"0","FB","EPB41L3",9,"Dermis1;Dermis2;Dermis3;SF1;SF2;SF3;DD1;DD2;DD3",4.47529628393281,4.14588425296264,2.37498330294406,1,1,10.3175631885936,0.12051268231129,0.00915168885265016,0.0417538937388919
"0","FB","BICC1",9,"Dermis1;Dermis2;Dermis3;SF1;SF2;SF3;DD1;DD2;DD3",4.39654039355758,4.73660124378802,1.0444601957895,1,1,39.3648736228127,0.564205355797618,0.00915168885265016,0.0417538937388919
"0","FB","PTGFRN",9,"Dermis1;Dermis2;Dermis3;SF1;SF2;SF3;DD1;DD2;DD3",4.39233859430199,3.16924634466483,0.0879282746443462,1,0.777777777777778,19.6241088788075,0.248238416738468,0.00915168885265016,0.0417538937388919
"0","FB","ANPEP",9,"Dermis1;Dermis2;Dermis3;SF1;SF2;SF3;DD1;DD2;DD3",4.39170703752811,4.50236880328165,2.70777362289375,1,1,22.4886584575502,0.298340678101844,0.00915168885265016,0.0417538937388919
"0","FB","EMP1",9,"Dermis1;Dermis2;Dermis3;SF1;SF2;SF3;DD1;DD2;DD3",4.34502735235599,3.96438960580294,1.5575740544552,1,1,76.3836681788723,1.53767711621185,0.00915168885265016,0.0417538937388919
"0","FB","CADM3",9,"Dermis1;Dermis2;Dermis3;SF1;SF2;SF3;DD1;DD2;DD3",4.34229024471663,4.00593452503999,1.65325483445923,1,1,19.7407647440052,0.285332826922348,0.00915168885265016,0.0417538937388919
"0","FB","LEPR",9,"Dermis1;Dermis2;Dermis3;SF1;SF2;SF3;DD1;DD2;DD3",4.33651930991022,4.64671314572445,2.66810535002571,1,1,15.0097213220998,0.220165235045291,0.00915168885265016,0.0417538937388919
"0","FB","CDON",9,"Dermis1;Dermis2;Dermis3;SF1;SF2;SF3;DD1;DD2;DD3",4.30065781258828,4.26249214055962,2.8058244261449,1,1,10.8101101749838,0.130315505327423,0.00915168885265016,0.0417538937388919
"0","FB","ST3GAL5",9,"Dermis1;Dermis2;Dermis3;SF1;SF2;SF3;DD1;DD2;DD3",4.28259624472618,3.78216630453884,0.971786646681601,1,1,16.1244329228775,0.216040183556326,0.00915168885265016,0.0417538937388919
"0","FB","MATN2",9,"Dermis1;Dermis2;Dermis3;SF1;SF2;SF3;DD1;DD2;DD3",4.27831470949799,3.72295046290106,0.527622303055574,1,1,24.4199611147116,0.342296824533319,0.00915168885265016,0.0417538937388919
"0","FB","WISP2",9,"Dermis1;Dermis2;Dermis3;SF1;SF2;SF3;DD1;DD2;DD3",4.26366613410406,4.17172167555264,1.18700278763969,1,1,54.8412184057032,1.32480730147947,0.00915168885265016,0.0417538937388919
"0","FB","SLIT2",9,"Dermis1;Dermis2;Dermis3;SF1;SF2;SF3;DD1;DD2;DD3",4.26224207203451,4.67803915275931,1.90446588733732,1,1,20.2462734931951,0.267068027187048,0.00915168885265016,0.0417538937388919
"0","FB","FAM20A",9,"Dermis1;Dermis2;Dermis3;SF1;SF2;SF3;DD1;DD2;DD3",4.2416319640082,3.91644606741919,1.93916611941592,1,1,12.8580686973428,0.15937346664706,0.00915168885265016,0.0417538937388919
"0","FB","SIRPA",9,"Dermis1;Dermis2;Dermis3;SF1;SF2;SF3;DD1;DD2;DD3",4.21840133318245,3.59976975698813,0.00110180481538613,1,0.777777777777778,11.2767336357745,0.129197207003919,0.00915168885265016,0.0417538937388919
"0","FB","PTGES",9,"Dermis1;Dermis2;Dermis3;SF1;SF2;SF3;DD1;DD2;DD3",4.20660208745973,4.14650126425049,2.98604454578815,1,1,24.0959170447181,0.337759135576511,0.00915168885265016,0.0417538937388919
"0","FB","LSP1",9,"Dermis1;Dermis2;Dermis3;SF1;SF2;SF3;DD1;DD2;DD3",4.17604465803505,4.39527724455186,0.420302490196278,1,0.888888888888889,52.5081011017498,0.89113406723656,0.00915168885265016,0.0417538937388919
"0","FB","SPOCK1",9,"Dermis1;Dermis2;Dermis3;SF1;SF2;SF3;DD1;DD2;DD3",4.11409756755965,4.20898107149925,0.64064416143367,1,1,21.049902786779,0.274801649250168,0.00915168885265016,0.0417538937388919
"0","FB","C6orf132",9,"Dermis1;Dermis2;Dermis3;SF1;SF2;SF3;DD1;DD2;DD3",4.05530755195035,3.88072644921151,1.73245014051329,1,1,10.0583279325988,0.113798067255028,0.00915168885265016,0.0417538937388919
"0","FB","BOC",9,"Dermis1;Dermis2;Dermis3;SF1;SF2;SF3;DD1;DD2;DD3",4.04641510010643,4.14592332660553,2.31575321113448,1,1,19.2611795204148,0.244087701307788,0.00915168885265016,0.0417538937388919
"0","FB","FMO1",9,"Dermis1;Dermis2;Dermis3;SF1;SF2;SF3;DD1;DD2;DD3",4.03193578023965,4.33997347441934,2.62268612277864,1,1,10.7323395981854,0.150048425985025,0.00915168885265016,0.0417538937388919
"0","FB","RBP4",9,"Dermis1;Dermis2;Dermis3;SF1;SF2;SF3;DD1;DD2;DD3",4.02196885994438,4.03040833818431,0.234830281636127,1,0.888888888888889,10.6675307841866,0.162439666755601,0.00915168885265016,0.0417538937388919
"0","FB","COLEC12",9,"Dermis1;Dermis2;Dermis3;SF1;SF2;SF3;DD1;DD2;DD3",4.01562575844821,4.02649888233072,0.578001237411159,1,1,30.6675307841866,0.424416568757725,0.00915168885265016,0.0417538937388919
"0","FB","LPAR6",9,"Dermis1;Dermis2;Dermis3;SF1;SF2;SF3;DD1;DD2;DD3",3.9486876485594,3.96494614817272,2.12129275628468,1,1,10.4601425793908,0.11624147918772,0.00915168885265016,0.0417538937388919
"0","FB","SEMA3C",9,"Dermis1;Dermis2;Dermis3;SF1;SF2;SF3;DD1;DD2;DD3",3.946440260587,3.91221483453433,0.285607242455444,1,0.888888888888889,27.1937783538561,0.410553077478128,0.00915168885265016,0.0417538937388919
"0","FB","ZFHX4",9,"Dermis1;Dermis2;Dermis3;SF1;SF2;SF3;DD1;DD2;DD3",3.94047458982945,3.49096356625346,0.645829684097052,1,1,26.4290343486714,0.3598587681428,0.00915168885265016,0.0417538937388919
"1","Myofib","POSTN",3,"DD1;DD2;DD3",7.47371721703615,6.99996342434764,5.85310047766997,1,1,95.3266331658292,4.31293015351249,0.18144920772142,0.288215063359144
"1","Myofib","PLPP4",3,"DD1;DD2;DD3",5.68748987909464,5.3471336491474,4.56685200502639,1,1,65.7035175879397,0.762802861473943,0.18144920772142,0.288215063359144
"1","Myofib","SYNDIG1",3,"DD1;DD2;DD3",5.1503318608535,5.16223510907068,3.72150065629044,1,1,39.0954773869347,0.344722944181706,0.18144920772142,0.288215063359144
"1","Myofib","SCX",3,"DD1;DD2;DD3",5.07539530347407,5.21942100400261,4.89235962610156,1,1,82.7638190954774,1.6252913340722,0.18144920772142,0.288215063359144
"1","Myofib","LRRN1",3,"DD1;DD2;DD3",4.95731690614854,5.17394699854431,4.52480063544895,1,1,39.2462311557789,0.3691202689923,0.18144920772142,0.288215063359144
"1","Myofib","NEFL",3,"DD1;DD2;DD3",4.70368764800276,4.21288123604746,2.95832085386664,1,1,12.6884422110553,0.101516855477446,0.18144920772142,0.288215063359144
"1","Myofib","LINC01048",3,"DD1;DD2;DD3",4.62613718170628,4.41549515761973,3.23424923568476,1,1,23.0150753768844,0.217605448194246,0.18144920772142,0.288215063359144
"1","Myofib","KLK4",3,"DD1;DD2;DD3",4.6028471964398,4.49823262463381,3.95828556137037,1,1,20.5025125628141,0.19755708359665,0.18144920772142,0.288215063359144
"1","Myofib","EVI2A",3,"DD1;DD2;DD3",4.59443527581475,4.69257039666819,4.21763341243051,1,1,64.070351758794,0.782204645854128,0.18144920772142,0.288215063359144
"1","Myofib","THEMIS2",3,"DD1;DD2;DD3",4.52364151218868,4.29127199636628,3.14343331628756,1,1,20.4773869346734,0.151901777902107,0.18144920772142,0.288215063359144
"1","Myofib","DRAXIN",3,"DD1;DD2;DD3",4.52217286689183,4.54132753015432,4.19116874199823,1,1,23.3417085427136,0.191936851507422,0.18144920772142,0.288215063359144
"1","Myofib","CDH2",3,"DD1;DD2;DD3",4.49796726376368,4.581983777983,4.27169440575753,1,1,12.5125628140704,0.0964892594829707,0.18144920772142,0.288215063359144
"1","Myofib","TPBGL",3,"DD1;DD2;DD3",4.4784825147548,4.15522259193355,3.12704845864426,1,1,23.4673366834171,0.183510735574758,0.18144920772142,0.288215063359144
"1","Myofib","RGPD3",3,"DD1;DD2;DD3",4.45922342209133,4.36947757175314,2.93980704575727,1,1,19.6231155778894,0.169734959143511,0.18144920772142,0.288215063359144
"1","Myofib","MIAT",3,"DD1;DD2;DD3",4.43532118865173,4.13288041524106,3.26172749689205,1,1,25.0502512562814,0.207544145462021,0.18144920772142,0.288215063359144
"1","Myofib","TREM1",3,"DD1;DD2;DD3",4.41793197317985,4.56517594964311,3.79876423021775,1,1,20.3015075376884,0.226423157171509,0.18144920772142,0.288215063359144
"1","Myofib","DHRS2",3,"DD1;DD2;DD3",4.40980263503841,4.33496347493515,3.48267581492582,1,1,13.7688442211055,0.102903675101575,0.18144920772142,0.288215063359144
"1","Myofib","ARL4C",3,"DD1;DD2;DD3",4.40694428595129,4.07228751194003,3.35781275820937,1,1,82.6884422110553,1.28260879836776,0.18144920772142,0.288215063359144
"1","Myofib","VSNL1",3,"DD1;DD2;DD3",4.33350949175518,4.88157052749611,4.08217672632287,1,1,34.4221105527638,0.297266844424184,0.18144920772142,0.288215063359144
"1","Myofib","NCAM1",3,"DD1;DD2;DD3",4.32001282232914,4.32049455933583,3.77920429127594,1,1,46.6582914572864,0.440313131597386,0.18144920772142,0.288215063359144
"1","Myofib","HOXB-AS1",3,"DD1;DD2;DD3",4.28397299327536,3.81654306053447,2.3259154199421,1,1,30.0502512562814,0.253398870497687,0.18144920772142,0.288215063359144
"1","Myofib","HOXB2",3,"DD1;DD2;DD3",4.25124619196657,4.39482235637522,3.4653091267492,1,1,37.713567839196,0.33498711171104,0.18144920772142,0.288215063359144
"1","Myofib","DMRT2",3,"DD1;DD2;DD3",4.15709748821983,3.62864050880256,2.30442620171304,1,1,35.678391959799,0.312591923383543,0.18144920772142,0.288215063359144
"1","Myofib","LGI2",3,"DD1;DD2;DD3",4.10567965954948,3.52002275235211,1.88826058966976,1,1,14.9748743718593,0.110210733886337,0.18144920772142,0.288215063359144
"1","Myofib","AL513283.1",3,"DD1;DD2;DD3",4.09507014700478,3.9903353260365,3.41968574820044,1,1,33.5929648241206,0.353250335505189,0.18144920772142,0.288215063359144
"1","Myofib","ITGA10",3,"DD1;DD2;DD3",4.08043896059986,4.3763385982817,3.37143987575148,1,1,61.7839195979899,0.730072836973134,0.18144920772142,0.288215063359144
"1","Myofib","ADAM12",3,"DD1;DD2;DD3",4.07575168970199,4.25989212896379,3.21830221004801,1,1,84.6984924623116,1.43015971353525,0.18144920772142,0.288215063359144
"1","Myofib","ATP1B1",3,"DD1;DD2;DD3",4.06969048331982,4.58982866436859,3.75880521333905,1,1,64.4974874371859,0.752302182646121,0.18144920772142,0.288215063359144
"1","Myofib","EPYC",3,"DD1;DD2;DD3",4.05828431524999,4.28313404422209,3.19955264744223,1,1,12.6633165829146,0.108714805786002,0.18144920772142,0.288215063359144
"1","Myofib","CDKN2A",3,"DD1;DD2;DD3",4.00794257918319,4.07439365472225,3.5844431719521,1,1,36.6331658291457,0.430826744316212,0.18144920772142,0.288215063359144
"1","Myofib","TSPAN13",3,"DD1;DD2;DD3",4.00193123487026,3.54312179329348,1.37506430863872,1,1,22.0603015075377,0.182305034598307,0.18144920772142,0.288215063359144
"1","Myofib","FABP5",3,"DD1;DD2;DD3",3.95768006171243,3.773834268655,3.21764547269886,1,1,89.4974874371859,2.29135791036689,0.18144920772142,0.288215063359144
"1","Myofib","ASPN",3,"DD1;DD2;DD3",3.92653954086583,3.72789807872835,3.29151825460137,1,1,97.8140703517588,3.70787575365027,0.18144920772142,0.288215063359144
"1","Myofib","NEFH",3,"DD1;DD2;DD3",3.91117940303764,4.08081675204578,3.12704845864426,1,1,20.251256281407,0.195329466812805,0.18144920772142,0.288215063359144
"1","Myofib","EVA1A",3,"DD1;DD2;DD3",3.8220189952519,3.63856976700729,3.21497031795778,1,1,52.2613065326633,0.514482347939734,0.18144920772142,0.288215063359144
"1","Myofib","RAC3",3,"DD1;DD2;DD3",3.798567253025,3.48224425055184,2.81180504247541,1,1,28.9698492462312,0.234551903552057,0.18144920772142,0.288215063359144
"1","Myofib","PLPP2",3,"DD1;DD2;DD3",3.79653746304613,4.21318011173065,3.56327375423,1,1,19.4472361809045,0.154676242985481,0.18144920772142,0.288215063359144
"1","Myofib","LYVE1",3,"DD1;DD2;DD3",3.79572545936676,3.7257762451539,2.68548146599488,1,1,13.7688442211055,0.0933369523816314,0.18144920772142,0.288215063359144
"1","Myofib","AC090152.1",3,"DD1;DD2;DD3",3.75438765019704,3.86456965813658,3.30741460866921,1,1,17.9396984924623,0.127990111687339,0.18144920772142,0.288215063359144
"1","Myofib","TNFSF4",3,"DD1;DD2;DD3",3.75236816647127,3.56875718582004,2.65902393874672,1,1,17.286432160804,0.133199499299393,0.18144920772142,0.288215063359144
"1","Myofib","SHB",3,"DD1;DD2;DD3",3.73928313516313,3.63596272111376,3.28456631006041,1,1,29.5979899497487,0.230998007127071,0.18144920772142,0.288215063359144
"1","Myofib","CHST6",3,"DD1;DD2;DD3",3.73928313516313,3.76273760097558,3.53134793770016,1,1,20.2261306532663,0.156521911595543,0.18144920772142,0.288215063359144
"1","Myofib","PDPN",3,"DD1;DD2;DD3",3.72086253974597,3.25691471448823,2.07646779234618,1,1,84.2462311557789,1.26155640887436,0.18144920772142,0.288215063359144
"1","Myofib","VWC2",3,"DD1;DD2;DD3",3.68448965242509,4.12265105029913,3.06419244243579,1,1,43.5175879396985,0.416916664211868,0.18144920772142,0.288215063359144
"1","Myofib","DSG2",3,"DD1;DD2;DD3",3.68404744085975,4.18530961639775,3.51739344730453,1,1,17.8894472361809,0.139389124128234,0.18144920772142,0.288215063359144
"1","Myofib","TRPM8",3,"DD1;DD2;DD3",3.62077192332247,3.84332922224223,3.23424923568476,1,1,11.356783919598,0.0867643035209433,0.18144920772142,0.288215063359144
"1","Myofib","ST6GAL2",3,"DD1;DD2;DD3",3.58736349125503,3.59188353511796,3.31222621127267,1,1,11.0050251256281,0.0761575616967001,0.18144920772142,0.288215063359144
"1","Myofib","TMEM59L",3,"DD1;DD2;DD3",3.45929219054957,3.13123447074637,2.35568834943402,1,1,13.4170854271357,0.107057824042493,0.18144920772142,0.288215063359144
"1","Myofib","PART1",3,"DD1;DD2;DD3",3.44172535998147,3.94151424024115,3.00368574971198,1,1,45.3517587939699,0.442375020232587,0.18144920772142,0.288215063359144
"1","Myofib","ACAN",3,"DD1;DD2;DD3",3.43044616319528,3.87738171013115,3.30759029802791,1,1,48.4422110552764,0.556679780897611,0.18144920772142,0.288215063359144
"1","Myofib","SLC16A3",3,"DD1;DD2;DD3",3.42525162419964,3.47973969488052,2.85337951272852,1,1,53.643216080402,0.559508604668426,0.18144920772142,0.288215063359144
"1","Myofib","RFLNB",3,"DD1;DD2;DD3",3.39580102908361,3.14288536249285,2.1164365176189,1,1,31.2814070351759,0.264341693889151,0.18144920772142,0.288215063359144
"1","Myofib","PODNL1",3,"DD1;DD2;DD3",3.38457456921062,3.24262485255598,2.77201113698865,1,1,36.0301507537688,0.320825994312568,0.18144920772142,0.288215063359144
"1","Myofib","RASL11B",3,"DD1;DD2;DD3",3.38124950936478,3.24103039534697,2.6009736191904,1,1,17.3366834170854,0.156630580006041,0.18144920772142,0.288215063359144
"1","Myofib","ZNF365",3,"DD1;DD2;DD3",3.37065382781752,3.06156439534159,2.11178570247219,1,1,10.5778894472362,0.0767967576152799,0.18144920772142,0.288215063359144
"1","Myofib","MMP11",3,"DD1;DD2;DD3",3.36661793017115,3.34785679859702,1.92596985844433,1,1,52.5125628140703,0.735928047949597,0.18144920772142,0.288215063359144
"1","Myofib","TSPAN2",3,"DD1;DD2;DD3",3.35687234694901,3.30992116327206,2.8121061877149,1,1,30.8542713567839,0.259367825443416,0.18144920772142,0.288215063359144
"1","Myofib","CNIH3",3,"DD1;DD2;DD3",3.31462650897737,3.39725028508612,3.25124684003181,1,1,36.4070351758794,0.333899771799157,0.18144920772142,0.288215063359144
"1","Myofib","SYCE1L",3,"DD1;DD2;DD3",3.31378730036421,3.46470690250569,3.12438838347878,1,1,81.4070351758794,1.18262298503041,0.18144920772142,0.288215063359144
"1","Myofib","RGS3",3,"DD1;DD2;DD3",3.25085598547494,3.20994667756654,2.64253606890974,1,1,84.7738693467337,1.32611191025162,0.18144920772142,0.288215063359144
"1","Myofib","TENM3",3,"DD1;DD2;DD3",3.24794507631615,3.26780054295216,3.12186490773703,1,1,20.4522613065327,0.161769826081669,0.18144920772142,0.288215063359144
"1","Myofib","FAT3",3,"DD1;DD2;DD3",3.24605642967767,3.23854132462664,3.18074377993063,1,1,12.9899497487437,0.0985000356025706,0.18144920772142,0.288215063359144
"1","Myofib","TGFBI",3,"DD1;DD2;DD3",3.21469188235139,3.15430700039301,2.56776752126432,1,1,96.4572864321608,2.62313468950061,0.18144920772142,0.288215063359144
"1","Myofib","TNC",3,"DD1;DD2;DD3",3.20847594197546,3.0609590849434,2.18469093937869,1,1,94.5979899497487,2.18742217252053,0.18144920772142,0.288215063359144
"1","Myofib","MLLT11",3,"DD1;DD2;DD3",3.17812529802626,3.12962267659229,2.94168457838533,1,1,48.5175879396985,0.460353838490796,0.18144920772142,0.288215063359144
"1","Myofib","KDR",3,"DD1;DD2;DD3",3.17577107342835,2.82589609255409,0.495661285443849,1,0.666666666666667,13.4422110552764,0.104121565104584,0.18144920772142,0.288215063359144
"1","Myofib","P4HA3",3,"DD1;DD2;DD3",3.17086329324238,3.41248760660556,2.85729296357166,1,1,61.8341708542714,0.679768003050466,0.18144920772142,0.288215063359144
"1","Myofib","LHX9",3,"DD1;DD2;DD3",3.16181054700794,3.37829697457459,2.70112239997186,1,1,18.0150753768844,0.141480847767675,0.18144920772142,0.288215063359144
"1","Myofib","CADM1",3,"DD1;DD2;DD3",3.15203799245724,3.31855589852227,2.95407169978018,1,1,86.7085427135678,1.27130753400635,0.18144920772142,0.288215063359144
"1","Myofib","LRRC17",3,"DD1;DD2;DD3",3.13766420252397,3.16766071147554,3.09710306314894,1,1,79.6984924623115,1.30859674795392,0.18144920772142,0.288215063359144
"1","Myofib","MAFB",3,"DD1;DD2;DD3",3.08412384838024,2.67625426334826,1.64222186415179,1,1,91.9849246231156,2.10826695095208,0.18144920772142,0.288215063359144
"1","Myofib","DGKI",3,"DD1;DD2;DD3",3.06525754117661,3.19852951738587,2.98474462546028,1,1,15.3768844221106,0.125024347782277,0.18144920772142,0.288215063359144
"1","Myofib","CNTN1",3,"DD1;DD2;DD3",3.06491840450477,3.1141249115185,2.96621320774549,1,1,28.8190954773869,0.253967584972728,0.18144920772142,0.288215063359144
"1","Myofib","DIRAS1",3,"DD1;DD2;DD3",3.05897312721552,2.60504237099347,1.54264233390999,1,1,12.2613065326633,0.0890177222088861,0.18144920772142,0.288215063359144
"1","Myofib","TTYH3",3,"DD1;DD2;DD3",3.03799468824876,3.0213121104704,2.38766527627272,1,1,47.4623115577889,0.44267614879362,0.18144920772142,0.288215063359144
"1","Myofib","QPCT",3,"DD1;DD2;DD3",3.03503464461298,3.00076986112492,2.78009230265537,1,1,67.6884422110553,0.828389807357394,0.18144920772142,0.288215063359144
"1","Myofib","MECOM",3,"DD1;DD2;DD3",3.02572686341177,2.74012136405257,1.41173023784362,1,1,12.7386934673367,0.095502720267645,0.18144920772142,0.288215063359144
"1","Myofib","PCDH7",3,"DD1;DD2;DD3",3.01621843800294,3.19714227527476,2.86845587161392,1,1,57.462311557789,0.585019817423938,0.18144920772142,0.288215063359144
"1","Myofib","WISP1",3,"DD1;DD2;DD3",2.99798053122436,2.87735592903375,2.35859827515844,1,1,34.1206030150754,0.308296152306002,0.18144920772142,0.288215063359144
"1","Myofib","COL11A1",3,"DD1;DD2;DD3",2.99645719543801,2.23025219853454,0.0709856961865869,1,0.666666666666667,16.7085427135678,0.164524833827065,0.18144920772142,0.288215063359144
"1","Myofib","C4orf48",3,"DD1;DD2;DD3",2.9851901816079,2.9174528052076,2.43487177369475,1,1,72.3115577889447,0.857004403518496,0.18144920772142,0.288215063359144
"1","Myofib","CTHRC1",3,"DD1;DD2;DD3",2.98137186298384,2.83668237596511,2.06692226314859,1,1,98.1407035175879,3.03243544291086,0.18144920772142,0.288215063359144
"1","Myofib","BASP1",3,"DD1;DD2;DD3",2.97750743588856,2.64323553785793,1.73111929821123,1,1,92.964824120603,1.97510817451703,0.18144920772142,0.288215063359144
"1","Myofib","SPON2",3,"DD1;DD2;DD3",2.96005612802804,3.11688300339312,2.93289900801327,1,1,98.8944723618091,3.17800624901276,0.18144920772142,0.288215063359144
"1","Myofib","FHOD3",3,"DD1;DD2;DD3",2.95819492390531,2.9722707559565,2.94407829089733,1,1,33.6934673366834,0.291671517969488,0.18144920772142,0.288215063359144
"1","Myofib","LOXL2",3,"DD1;DD2;DD3",2.9441754536525,3.09081764667166,2.93930659205274,1,1,82.3366834170854,1.23826413422561,0.18144920772142,0.288215063359144
"1","Myofib","FNDC1",3,"DD1;DD2;DD3",2.89753290469091,2.48576318639283,1.33702640902803,1,1,71.0301507537688,0.938009123896618,0.18144920772142,0.288215063359144
"1","Myofib","GALNT5",3,"DD1;DD2;DD3",2.89638797046648,2.92671991371251,2.3503807695234,1,1,22.1608040201005,0.166765723170401,0.18144920772142,0.288215063359144
"1","Myofib","SPHK1",3,"DD1;DD2;DD3",2.88454621117258,2.59086047811692,1.78439390519747,1,1,43.9949748743719,0.440263457121094,0.18144920772142,0.288215063359144
"1","Myofib","CENPP",3,"DD1;DD2;DD3",2.87402799368811,2.71082225314374,2.28706133747624,1,1,40.7286432160804,0.376066377432062,0.18144920772142,0.288215063359144
"1","Myofib","ADAMTS14",3,"DD1;DD2;DD3",2.86640483712809,2.7449654213273,2.21565520148947,1,1,20.9045226130653,0.163735426568645,0.18144920772142,0.288215063359144
"1","Myofib","MEST",3,"DD1;DD2;DD3",2.86478253722276,2.71022842701181,2.16733295815591,1,1,57.9145728643216,0.923200904488497,0.18144920772142,0.288215063359144
"1","Myofib","COL7A1",3,"DD1;DD2;DD3",2.84874042748264,2.98536081656195,2.17721831118975,1,1,24.572864321608,0.224209497460465,0.18144920772142,0.288215063359144
"1","Myofib","BAMBI",3,"DD1;DD2;DD3",2.8412025058091,2.65533839664662,1.67487964295183,1,1,31.2311557788945,0.330794180436356,0.18144920772142,0.288215063359144
"1","Myofib","BAIAP2L1",3,"DD1;DD2;DD3",2.83080527891066,2.85690774980885,1.83908104387532,1,1,11.1557788944724,0.0795731443275454,0.18144920772142,0.288215063359144
"1","Myofib","HTRA1",3,"DD1;DD2;DD3",2.8203762656908,2.85370073117747,2.81949375410799,1,1,99.2211055276382,3.51327374654677,0.18144920772142,0.288215063359144
"1","Myofib","NPTX2",3,"DD1;DD2;DD3",2.81711170007159,3.24707908223311,2.01246715963444,1,1,25.251256281407,0.222194148540489,0.18144920772142,0.288215063359144
"1","Myofib","NEK6",3,"DD1;DD2;DD3",2.79066204334269,2.50396511245777,1.13516366778019,1,1,24.9246231155779,0.186528285754848,0.18144920772142,0.288215063359144
"1","Myofib","C1QTNF3",3,"DD1;DD2;DD3",2.78961363113066,2.33899399447983,1.3631374025192,1,1,88.7939698492462,1.74647075584709,0.18144920772142,0.288215063359144
"1","Myofib","FIBIN",3,"DD1;DD2;DD3",2.77217981412298,2.83141316041068,2.47486270206785,1,1,78.3668341708543,1.14594182807633,0.18144920772142,0.288215063359144
"2","VSMC","RERGL",9,"Dermis1;Dermis2;Dermis3;SF1;SF2;SF3;DD1;DD2;DD3",11.2193614644139,11.0107680873332,8.97051004897475,1,1,88.6664787144065,2.75757613763626,0.00915168885265016,0.0268965973563124
"2","VSMC","MYH11",9,"Dermis1;Dermis2;Dermis3;SF1;SF2;SF3;DD1;DD2;DD3",7.41416006064105,6.72991773557022,4.30761479676172,1,1,87.285029602481,2.24519375783401,0.00915168885265016,0.0268965973563124
"2","VSMC","NRGN",9,"Dermis1;Dermis2;Dermis3;SF1;SF2;SF3;DD1;DD2;DD3",7.21615968557747,7.25811788353959,6.54453105743257,1,1,42.5429940795038,0.685266040161149,0.00915168885265016,0.0268965973563124
"2","VSMC","PLN",9,"Dermis1;Dermis2;Dermis3;SF1;SF2;SF3;DD1;DD2;DD3",7.15666116396531,7.76748630049312,4.87193129354464,1,1,81.420919086552,1.95760487491184,0.00915168885265016,0.0268965973563124
"2","VSMC","PRPH",9,"Dermis1;Dermis2;Dermis3;SF1;SF2;SF3;DD1;DD2;DD3",7.04503058959787,6.93065749396361,5.60016629475311,1,1,27.8263321116436,0.471182930640763,0.00915168885265016,0.0268965973563124
"2","VSMC","CASQ2",9,"Dermis1;Dermis2;Dermis3;SF1;SF2;SF3;DD1;DD2;DD3",6.86990738055872,6.83453640170391,6.32286280507027,1,1,37.2991260219904,0.572549851828292,0.00915168885265016,0.0268965973563124
"2","VSMC","PGAM2",9,"Dermis1;Dermis2;Dermis3;SF1;SF2;SF3;DD1;DD2;DD3",6.6288038000382,6.06081291841609,2.97075916920178,1,1,21.3137862982802,0.332663991412851,0.00915168885265016,0.0268965973563124
"2","VSMC","BCAM",9,"Dermis1;Dermis2;Dermis3;SF1;SF2;SF3;DD1;DD2;DD3",6.61056632989521,6.39464966570153,4.65960247537876,1,1,88.9202142655765,2.15586390541973,0.00915168885265016,0.0268965973563124
"2","VSMC","GPRC5C",9,"Dermis1;Dermis2;Dermis3;SF1;SF2;SF3;DD1;DD2;DD3",6.52636992270036,6.16501958718828,3.94173785961648,1,1,44.5446856498449,0.719070432960724,0.00915168885265016,0.0268965973563124
"2","VSMC","ENTPD3",9,"Dermis1;Dermis2;Dermis3;SF1;SF2;SF3;DD1;DD2;DD3",6.43611178735097,6.28821924246723,4.76374033965051,1,1,22.2159571468847,0.366383639743524,0.00915168885265016,0.0268965973563124
"2","VSMC","ITIH3",9,"Dermis1;Dermis2;Dermis3;SF1;SF2;SF3;DD1;DD2;DD3",6.324675216359,6.17063998106083,5.07285249790815,1,1,10.6287003101212,0.143130984951241,0.00915168885265016,0.0268965973563124
"2","VSMC","MCAM",9,"Dermis1;Dermis2;Dermis3;SF1;SF2;SF3;DD1;DD2;DD3",6.02702841294771,5.92830156879033,3.26594461832355,1,1,67.5500422892585,1.35637642096854,0.00915168885265016,0.0268965973563124
"2","VSMC","KCNA5",9,"Dermis1;Dermis2;Dermis3;SF1;SF2;SF3;DD1;DD2;DD3",6.00590457345941,5.85789470185896,3.24752310793212,1,1,20.355229771638,0.292248291093049,0.00915168885265016,0.0268965973563124
"2","VSMC","PIP5K1B",9,"Dermis1;Dermis2;Dermis3;SF1;SF2;SF3;DD1;DD2;DD3",5.93390105272318,5.5153385384424,3.43236334930815,1,1,16.4646179870313,0.235111608834682,0.00915168885265016,0.0268965973563124
"2","VSMC","TBX2-AS1",9,"Dermis1;Dermis2;Dermis3;SF1;SF2;SF3;DD1;DD2;DD3",5.90031208295148,5.81641385104742,4.13259005135394,1,1,45.7005920496194,0.767923334812382,0.00915168885265016,0.0268965973563124
"2","VSMC","GPR20",9,"Dermis1;Dermis2;Dermis3;SF1;SF2;SF3;DD1;DD2;DD3",5.84694312528377,6.01141624660703,5.530487983967,1,1,14.0682266704257,0.198423278998918,0.00915168885265016,0.0268965973563124
"2","VSMC","ACTG2",9,"Dermis1;Dermis2;Dermis3;SF1;SF2;SF3;DD1;DD2;DD3",5.76028683400357,6.15402863003006,3.32769557060791,1,1,39.9210600507471,0.736454246283339,0.00915168885265016,0.0268965973563124
"2","VSMC","SORBS2",9,"Dermis1;Dermis2;Dermis3;SF1;SF2;SF3;DD1;DD2;DD3",5.67408459689056,5.68040145400823,3.51364313345928,1,1,78.629828023682,1.78040661184852,0.00915168885265016,0.0268965973563124
"2","VSMC","DES",9,"Dermis1;Dermis2;Dermis3;SF1;SF2;SF3;DD1;DD2;DD3",5.58242668580841,4.81676669793608,0.440338446616009,1,0.888888888888889,12.7713560755568,0.224860686839813,0.00915168885265016,0.0268965973563124
"2","VSMC","CSDC2",9,"Dermis1;Dermis2;Dermis3;SF1;SF2;SF3;DD1;DD2;DD3",5.48377590687323,5.49034048933798,3.24856994248278,1,1,18.1279954891458,0.260040898545568,0.00915168885265016,0.0268965973563124
"2","VSMC","TBX2",9,"Dermis1;Dermis2;Dermis3;SF1;SF2;SF3;DD1;DD2;DD3",5.41244165960022,5.09381571077965,3.61878242698013,1,1,36.7070764025937,0.599375924033482,0.00915168885265016,0.0268965973563124
"2","VSMC","AC006254.1",9,"Dermis1;Dermis2;Dermis3;SF1;SF2;SF3;DD1;DD2;DD3",5.36533261157687,5.2940570879779,3.90581128991863,1,1,17.7051029038624,0.25133274892431,0.00915168885265016,0.0268965973563124
"2","VSMC","RBPMS2",9,"Dermis1;Dermis2;Dermis3;SF1;SF2;SF3;DD1;DD2;DD3",5.26140843829556,5.38626436645914,3.72320198911534,1,1,29.8844093600226,0.442688004610849,0.00915168885265016,0.0268965973563124
"2","VSMC","OR51E1",9,"Dermis1;Dermis2;Dermis3;SF1;SF2;SF3;DD1;DD2;DD3",5.21802856348826,5.34690055474887,4.3371784564721,1,1,10.2340005638568,0.146489782716878,0.00915168885265016,0.0268965973563124
"2","VSMC","KCNAB1",9,"Dermis1;Dermis2;Dermis3;SF1;SF2;SF3;DD1;DD2;DD3",5.21285142498776,5.29767772568772,4.37921206843719,1,1,32.7600789399493,0.495297825539646,0.00915168885265016,0.0268965973563124
"2","VSMC","RAMP1",9,"Dermis1;Dermis2;Dermis3;SF1;SF2;SF3;DD1;DD2;DD3",5.2103758050925,4.85977447904493,1.21439340971829,1,1,37.411897378066,0.610335744692709,0.00915168885265016,0.0268965973563124
"2","VSMC","NRIP2",9,"Dermis1;Dermis2;Dermis3;SF1;SF2;SF3;DD1;DD2;DD3",5.20463736690997,4.93019147631989,3.74996028691901,1,1,16.0981110797857,0.225784138378386,0.00915168885265016,0.0268965973563124
"2","VSMC","CKMT2",9,"Dermis1;Dermis2;Dermis3;SF1;SF2;SF3;DD1;DD2;DD3",5.16794712058468,5.19181030780707,4.42044023349138,1,1,13.0814773047646,0.175040872066223,0.00915168885265016,0.0268965973563124
"2","VSMC","MYOCD",9,"Dermis1;Dermis2;Dermis3;SF1;SF2;SF3;DD1;DD2;DD3",5.09470163959918,5.04198431193277,3.48886435708792,1,1,12.9405131096701,0.180855964957693,0.00915168885265016,0.0268965973563124
"2","VSMC","HRC",9,"Dermis1;Dermis2;Dermis3;SF1;SF2;SF3;DD1;DD2;DD3",5.02029900147866,4.52846220145424,2.77271876875335,1,1,19.7631801522413,0.291897100988041,0.00915168885265016,0.0268965973563124
"2","VSMC","SNCG",9,"Dermis1;Dermis2;Dermis3;SF1;SF2;SF3;DD1;DD2;DD3",4.99443360362193,5.10056117185981,3.58752298640322,1,1,66.5069072455596,1.37871448408516,0.00915168885265016,0.0268965973563124
"2","VSMC","MYOZ1",9,"Dermis1;Dermis2;Dermis3;SF1;SF2;SF3;DD1;DD2;DD3",4.99414326751343,4.7215222954368,2.24762383480674,1,1,12.3484634902735,0.169739983434554,0.00915168885265016,0.0268965973563124
"2","VSMC","LDB3",9,"Dermis1;Dermis2;Dermis3;SF1;SF2;SF3;DD1;DD2;DD3",4.99244321645069,4.97261327354357,4.24531281523421,1,1,20.6653510008458,0.295761155831288,0.00915168885265016,0.0268965973563124
"2","VSMC","CARMN",9,"Dermis1;Dermis2;Dermis3;SF1;SF2;SF3;DD1;DD2;DD3",4.98347716846611,4.66638087430773,2.80338074677159,1,1,55.1733859599662,1.10123447091218,0.00915168885265016,0.0268965973563124
"2","VSMC","CNN1",9,"Dermis1;Dermis2;Dermis3;SF1;SF2;SF3;DD1;DD2;DD3",4.9620390143282,5.41149090487071,3.1471002198652,1,1,54.3557936284184,1.01480325089467,0.00915168885265016,0.0268965973563124
"2","VSMC","CABP1",9,"Dermis1;Dermis2;Dermis3;SF1;SF2;SF3;DD1;DD2;DD3",4.94354982834351,4.89433555057552,3.98694302305367,1,1,13.4479842120101,0.189822911827787,0.00915168885265016,0.0268965973563124
"2","VSMC","NMNAT2",9,"Dermis1;Dermis2;Dermis3;SF1;SF2;SF3;DD1;DD2;DD3",4.94259688694212,4.95180719702994,3.54816397106379,1,1,10.2340005638568,0.143532881501858,0.00915168885265016,0.0268965973563124
"2","VSMC","FBXL13",9,"Dermis1;Dermis2;Dermis3;SF1;SF2;SF3;DD1;DD2;DD3",4.9104503193646,4.67858206485574,3.24046854019293,1,1,17.817874259938,0.260177909230494,0.00915168885265016,0.0268965973563124
"2","VSMC","ESAM",9,"Dermis1;Dermis2;Dermis3;SF1;SF2;SF3;DD1;DD2;DD3",4.86355400358503,4.85148497659042,2.24198682589902,1,1,45.3904708204116,0.726401229811226,0.00915168885265016,0.0268965973563124
"2","VSMC","ADRA2A",9,"Dermis1;Dermis2;Dermis3;SF1;SF2;SF3;DD1;DD2;DD3",4.8610796692915,4.49437730124153,2.79875947984177,1,1,47.7022836199605,0.858729425226401,0.00915168885265016,0.0268965973563124
"2","VSMC","AOC3",9,"Dermis1;Dermis2;Dermis3;SF1;SF2;SF3;DD1;DD2;DD3",4.84520510786607,4.4217341296662,2.27706389674297,1,1,45.1931209472794,0.732210225851837,0.00915168885265016,0.0268965973563124
"2","VSMC","PPP1R14A",9,"Dermis1;Dermis2;Dermis3;SF1;SF2;SF3;DD1;DD2;DD3",4.7801967900344,4.28112887307699,2.3720181964513,1,1,66.4505215675218,1.34830450826465,0.00915168885265016,0.0268965973563124
"2","VSMC","KLHL23",9,"Dermis1;Dermis2;Dermis3;SF1;SF2;SF3;DD1;DD2;DD3",4.74617933008873,4.80012052920199,2.99736847849037,1,1,30.025373555117,0.47471711025971,0.00915168885265016,0.0268965973563124
"2","VSMC","CPM",9,"Dermis1;Dermis2;Dermis3;SF1;SF2;SF3;DD1;DD2;DD3",4.7232489803548,4.63960453152184,3.11711215876542,1,1,33.577671271497,0.573809435801413,0.00915168885265016,0.0268965973563124
"2","VSMC","SLC38A11",9,"Dermis1;Dermis2;Dermis3;SF1;SF2;SF3;DD1;DD2;DD3",4.72063359315515,4.71734701868967,2.80816210672878,1,1,11.446292641669,0.181975841679799,0.00915168885265016,0.0268965973563124
"2","VSMC","ATP1A2",9,"Dermis1;Dermis2;Dermis3;SF1;SF2;SF3;DD1;DD2;DD3",4.71679172053436,4.57490501424581,2.88983662160847,1,1,11.2489427685368,0.152721135761278,0.00915168885265016,0.0268965973563124
"2","VSMC","NFASC",9,"Dermis1;Dermis2;Dermis3;SF1;SF2;SF3;DD1;DD2;DD3",4.7084253621569,4.70065326446394,2.45743909389448,1,1,15.3369044262757,0.219222010732903,0.00915168885265016,0.0268965973563124
"2","VSMC","FOXC2",9,"Dermis1;Dermis2;Dermis3;SF1;SF2;SF3;DD1;DD2;DD3",4.70672497825351,4.42212806709393,2.82791804169112,1,1,17.1694389625035,0.240743293885016,0.00915168885265016,0.0268965973563124
"2","VSMC","SPEG",9,"Dermis1;Dermis2;Dermis3;SF1;SF2;SF3;DD1;DD2;DD3",4.70131990682313,4.36452301475028,2.68229584187667,1,1,25.6836763462081,0.381046634645756,0.00915168885265016,0.0268965973563124
"2","VSMC","PTP4A3",9,"Dermis1;Dermis2;Dermis3;SF1;SF2;SF3;DD1;DD2;DD3",4.67641288855481,4.76755103974271,3.73013721017132,1,1,56.7803777840429,1.00672009944175,0.00915168885265016,0.0268965973563124
"2","VSMC","NPNT",9,"Dermis1;Dermis2;Dermis3;SF1;SF2;SF3;DD1;DD2;DD3",4.64557992489192,4.33222774455523,2.40511040407915,1,1,17.8460670989569,0.252226125618506,0.00915168885265016,0.0268965973563124
"2","VSMC","FHL5",9,"Dermis1;Dermis2;Dermis3;SF1;SF2;SF3;DD1;DD2;DD3",4.63878964582376,4.04092637478785,1.7293917203715,1,1,29.9407950380603,0.460172439501284,0.00915168885265016,0.0268965973563124
"2","VSMC","LMOD1",9,"Dermis1;Dermis2;Dermis3;SF1;SF2;SF3;DD1;DD2;DD3",4.61583625714482,4.07292471184383,1.92605165729719,1,1,60.6146038906118,1.0973705990209,0.00915168885265016,0.0268965973563124
"2","VSMC","MAP3K7CL",9,"Dermis1;Dermis2;Dermis3;SF1;SF2;SF3;DD1;DD2;DD3",4.58239750317614,4.35554986834946,3.39733838109692,1,1,28.4747674090781,0.490063561020422,0.00915168885265016,0.0268965973563124
"2","VSMC","RRAD",9,"Dermis1;Dermis2;Dermis3;SF1;SF2;SF3;DD1;DD2;DD3",4.56579892139431,4.39189535341176,3.29160242536048,1,1,56.6394135889484,1.10983206815714,0.00915168885265016,0.0268965973563124
"2","VSMC","MYOM1",9,"Dermis1;Dermis2;Dermis3;SF1;SF2;SF3;DD1;DD2;DD3",4.54669186873319,4.46272595155574,2.86531890719244,1,1,12.9405131096701,0.17651816390688,0.00915168885265016,0.0268965973563124
"2","VSMC","REEP1",9,"Dermis1;Dermis2;Dermis3;SF1;SF2;SF3;DD1;DD2;DD3",4.53477137514908,4.07595500576214,2.68431379818748,1,1,10.1212292077812,0.142972288308197,0.00915168885265016,0.0268965973563124
"2","VSMC","SUSD5",9,"Dermis1;Dermis2;Dermis3;SF1;SF2;SF3;DD1;DD2;DD3",4.45160633410848,4.31821900946805,3.11645267368346,1,1,17.1976318015224,0.245530818148221,0.00915168885265016,0.0268965973563124
"2","VSMC","ITGA3",9,"Dermis1;Dermis2;Dermis3;SF1;SF2;SF3;DD1;DD2;DD3",4.42723532353934,4.16068953962327,2.59546442168782,1,1,14.2937693825768,0.197709150842236,0.00915168885265016,0.0268965973563124
"2","VSMC","GJA4",9,"Dermis1;Dermis2;Dermis3;SF1;SF2;SF3;DD1;DD2;DD3",4.42157110875206,4.42072748457311,2.10318595527123,1,1,40.0056385678038,0.649777882562647,0.00915168885265016,0.0268965973563124
"2","VSMC","RASGRP2",9,"Dermis1;Dermis2;Dermis3;SF1;SF2;SF3;DD1;DD2;DD3",4.37426600289038,4.19943779563026,2.27087206881344,1,1,28.3619960530025,0.422747362027509,0.00915168885265016,0.0268965973563124
"2","VSMC","NPY1R",9,"Dermis1;Dermis2;Dermis3;SF1;SF2;SF3;DD1;DD2;DD3",4.37374367556209,4.44645790464963,2.50072553452312,1,1,23.8511418099803,0.367379581083774,0.00915168885265016,0.0268965973563124
"2","VSMC","NET1",9,"Dermis1;Dermis2;Dermis3;SF1;SF2;SF3;DD1;DD2;DD3",4.35552526346623,4.84433300011915,3.50365479174341,1,1,69.5235410205808,1.43829572796712,0.00915168885265016,0.0268965973563124
"2","VSMC","ACTA2",9,"Dermis1;Dermis2;Dermis3;SF1;SF2;SF3;DD1;DD2;DD3",4.32509750296527,4.71885486558435,2.53244282564472,1,1,99.0132506343389,4.30865835291706,0.00915168885265016,0.0268965973563124
"2","VSMC","CDH6",9,"Dermis1;Dermis2;Dermis3;SF1;SF2;SF3;DD1;DD2;DD3",4.31164732166189,4.53825175991692,2.46668890768424,1,1,34.8745418663659,0.534572420492716,0.00915168885265016,0.0268965973563124
"2","VSMC","MRVI1",9,"Dermis1;Dermis2;Dermis3;SF1;SF2;SF3;DD1;DD2;DD3",4.2869771484883,3.93838995790282,2.09756228825822,1,1,28.5593459261348,0.43051407905064,0.00915168885265016,0.0268965973563124
"2","VSMC","MNDA",9,"Dermis1;Dermis2;Dermis3;SF1;SF2;SF3;DD1;DD2;DD3",4.28571190212521,4.4353976815273,2.31225060026313,1,1,13.2788271778968,0.193622633868898,0.00915168885265016,0.0268965973563124
"2","VSMC","SLC2A4",9,"Dermis1;Dermis2;Dermis3;SF1;SF2;SF3;DD1;DD2;DD3",4.27879265363942,4.44683652135322,2.91243517747724,1,1,10.9670143783479,0.154397201583219,0.00915168885265016,0.0268965973563124
"2","VSMC","HACD1",9,"Dermis1;Dermis2;Dermis3;SF1;SF2;SF3;DD1;DD2;DD3",4.26939364829712,4.3964256452157,3.49794673741872,1,1,23.4564420637158,0.333863341131266,0.00915168885265016,0.0268965973563124
"2","VSMC","TINAGL1",9,"Dermis1;Dermis2;Dermis3;SF1;SF2;SF3;DD1;DD2;DD3",4.25062818371116,4.21861387299249,1.37626152526591,1,1,85.9317733295743,1.91442717684665,0.00915168885265016,0.0268965973563124
"2","VSMC","TMEM51",9,"Dermis1;Dermis2;Dermis3;SF1;SF2;SF3;DD1;DD2;DD3",4.23863266445301,4.6695697190508,3.27422133815425,1,1,18.7200451085424,0.273400157885467,0.00915168885265016,0.0268965973563124
"2","VSMC","AC092164.1",9,"Dermis1;Dermis2;Dermis3;SF1;SF2;SF3;DD1;DD2;DD3",4.17725009971109,4.302724297653,3.47672468104226,1,1,12.5458133634057,0.18049934677133,0.00915168885265016,0.0268965973563124
"2","VSMC","AMIGO2",9,"Dermis1;Dermis2;Dermis3;SF1;SF2;SF3;DD1;DD2;DD3",4.15509121314047,4.1721750201457,2.26019119116574,1,1,16.9157034113335,0.243935846965233,0.00915168885265016,0.0268965973563124
"2","VSMC","TPM2",9,"Dermis1;Dermis2;Dermis3;SF1;SF2;SF3;DD1;DD2;DD3",4.12857274953037,3.92800364170055,2.68249345839743,1,1,97.0115590639977,3.36098946150822,0.00915168885265016,0.0268965973563124
"2","VSMC","AKAP1",9,"Dermis1;Dermis2;Dermis3;SF1;SF2;SF3;DD1;DD2;DD3",4.0804053490919,4.02645109879781,3.31113799691733,1,1,38.9906963631238,0.605039919171443,0.00915168885265016,0.0268965973563124
"2","VSMC","DOCK8",9,"Dermis1;Dermis2;Dermis3;SF1;SF2;SF3;DD1;DD2;DD3",4.0583531496058,3.74869043629667,1.63907017119323,1,1,12.0665351000846,0.167187220273929,0.00915168885265016,0.0268965973563124
"2","VSMC","KCNMB1",9,"Dermis1;Dermis2;Dermis3;SF1;SF2;SF3;DD1;DD2;DD3",4.03919662292084,3.46842479088091,0.62911894959774,1,1,28.8130814773048,0.425544742552023,0.00915168885265016,0.0268965973563124
"2","VSMC","ADRA2B",9,"Dermis1;Dermis2;Dermis3;SF1;SF2;SF3;DD1;DD2;DD3",4.02058408595262,3.7840572275317,1.22077356281625,1,1,10.177614885819,0.155524717626778,0.00915168885265016,0.0268965973563124
"2","VSMC","LINGO1",9,"Dermis1;Dermis2;Dermis3;SF1;SF2;SF3;DD1;DD2;DD3",3.97951111464159,4.22531438175101,2.73415664086104,1,1,10.2340005638568,0.138378929941309,0.00915168885265016,0.0268965973563124
"2","VSMC","PCDH1",9,"Dermis1;Dermis2;Dermis3;SF1;SF2;SF3;DD1;DD2;DD3",3.96900899722455,3.7730470429418,1.63593570162998,1,1,10.685085988159,0.14648798179891,0.00915168885265016,0.0268965973563124
"2","VSMC","ATP1B2",9,"Dermis1;Dermis2;Dermis3;SF1;SF2;SF3;DD1;DD2;DD3",3.96496461114953,4.03090010006892,1.91167373896479,1,1,17.9870312940513,0.261332665047089,0.00915168885265016,0.0268965973563124
"2","VSMC","CAP2",9,"Dermis1;Dermis2;Dermis3;SF1;SF2;SF3;DD1;DD2;DD3",3.93332711441552,4.24146353999731,2.84045846524513,1,1,28.5311530871159,0.420496566414958,0.00915168885265016,0.0268965973563124
"2","VSMC","CLMN",9,"Dermis1;Dermis2;Dermis3;SF1;SF2;SF3;DD1;DD2;DD3",3.9220232614976,3.97623323267487,2.37476594027021,1,1,31.6887510572315,0.478012736169157,0.00915168885265016,0.0268965973563124
"2","VSMC","PHLDA2",9,"Dermis1;Dermis2;Dermis3;SF1;SF2;SF3;DD1;DD2;DD3",3.91582498133933,4.44101801762281,3.03661835327605,1,1,59.2613476177051,1.16637897828206,0.00915168885265016,0.0268965973563124
"2","VSMC","RASL12",9,"Dermis1;Dermis2;Dermis3;SF1;SF2;SF3;DD1;DD2;DD3",3.9138202500709,3.69321203153518,2.03340141513345,1,1,39.8082886946716,0.625998258591416,0.00915168885265016,0.0268965973563124
"2","VSMC","PDE3A",9,"Dermis1;Dermis2;Dermis3;SF1;SF2;SF3;DD1;DD2;DD3",3.90180654498235,3.79079822851803,2.61529660249167,1,1,16.9157034113335,0.245873932249181,0.00915168885265016,0.0268965973563124
"2","VSMC","COX4I2",9,"Dermis1;Dermis2;Dermis3;SF1;SF2;SF3;DD1;DD2;DD3",3.89970884172784,3.60572706810401,1.39902325201892,1,1,43.7834789963349,0.752846092421704,0.00915168885265016,0.0268965973563124
"2","VSMC","FRY",9,"Dermis1;Dermis2;Dermis3;SF1;SF2;SF3;DD1;DD2;DD3",3.88970387414948,3.66056135163728,2.41365839128577,1,1,23.9921060050747,0.354877842352759,0.00915168885265016,0.0268965973563124
"2","VSMC","NDUFA4L2",9,"Dermis1;Dermis2;Dermis3;SF1;SF2;SF3;DD1;DD2;DD3",3.86054145801742,3.80015820784825,1.54832560274508,1,1,62.6162954609529,1.45499499590968,0.00915168885265016,0.0268965973563124
"2","VSMC","RCAN2",9,"Dermis1;Dermis2;Dermis3;SF1;SF2;SF3;DD1;DD2;DD3",3.82314465240113,3.4844794603125,2.50621339859243,1,1,56.498449393854,0.969963235225694,0.00915168885265016,0.0268965973563124
"2","VSMC","SBSPON",9,"Dermis1;Dermis2;Dermis3;SF1;SF2;SF3;DD1;DD2;DD3",3.81886229515939,3.90315000792287,1.79925740581489,1,1,30.786580208627,0.455699430175565,0.00915168885265016,0.0268965973563124
"2","VSMC","NTRK3",9,"Dermis1;Dermis2;Dermis3;SF1;SF2;SF3;DD1;DD2;DD3",3.78673623387614,3.93737487454948,1.71170025480485,1,1,25.0352410487736,0.370628202165253,0.00915168885265016,0.0268965973563124
"2","VSMC","WTIP",9,"Dermis1;Dermis2;Dermis3;SF1;SF2;SF3;DD1;DD2;DD3",3.74361052623007,3.61777595570129,2.63446052615265,1,1,35.0436989004793,0.571979975930616,0.00915168885265016,0.0268965973563124
"2","VSMC","DMPK",9,"Dermis1;Dermis2;Dermis3;SF1;SF2;SF3;DD1;DD2;DD3",3.74108694613886,3.42500688448065,2.4222642011034,1,1,31.8297152523259,0.468683865470203,0.00915168885265016,0.0268965973563124
"2","VSMC","USP2",9,"Dermis1;Dermis2;Dermis3;SF1;SF2;SF3;DD1;DD2;DD3",3.7069169830314,3.66615582412278,2.11986478038934,1,1,11.6436425148012,0.167637609223397,0.00915168885265016,0.0268965973563124
"2","VSMC","HES4",9,"Dermis1;Dermis2;Dermis3;SF1;SF2;SF3;DD1;DD2;DD3",3.7039417042056,3.7469228331109,2.5161731389223,1,1,77.3329574288131,1.65743846330876,0.00915168885265016,0.0268965973563124
"2","VSMC","RGS5",9,"Dermis1;Dermis2;Dermis3;SF1;SF2;SF3;DD1;DD2;DD3",3.68117987040717,3.15986473725471,0.042688816155561,1,0.888888888888889,47.5049337468283,1.22191863329687,0.00915168885265016,0.0268965973563124
"2","VSMC","HRH2",9,"Dermis1;Dermis2;Dermis3;SF1;SF2;SF3;DD1;DD2;DD3",3.67287500677028,3.90947129388025,2.70626751114629,1,1,31.801522413307,0.494601352746339,0.00915168885265016,0.0268965973563124
"2","VSMC","SGCA",9,"Dermis1;Dermis2;Dermis3;SF1;SF2;SF3;DD1;DD2;DD3",3.65042402852935,4.06148754204083,2.10443336042006,1,1,34.6208063151959,0.517305544299835,0.00915168885265016,0.0268965973563124
"2","VSMC","TAGLN",9,"Dermis1;Dermis2;Dermis3;SF1;SF2;SF3;DD1;DD2;DD3",3.62487573067933,3.47517193343763,1.90779791673043,1,1,99.5771074147167,4.38303819121107,0.00915168885265016,0.0268965973563124
"3","Pericyte","CCL21",8,"Dermis1;Dermis2;Dermis3;SF1;SF2;DD1;DD2;DD3",8.09623042943414,6.90898697763936,0.548213915303191,1,1,17.3239436619718,0.393814991508141,0.0142661867014469,0.0990762069541866
"3","Pericyte","ADGRF5",8,"Dermis1;Dermis2;Dermis3;SF1;SF2;DD1;DD2;DD3",6.88350125119298,6.88295918186272,5.21699391675693,1,1,31.4788732394366,0.518476265089938,0.0142661867014469,0.0990762069541866
"3","Pericyte","CD36",8,"Dermis1;Dermis2;Dermis3;SF1;SF2;DD1;DD2;DD3",6.32722033502626,6.57429087863744,5.21208733088651,1,1,28.5915492957746,0.565348788136926,0.0142661867014469,0.0990762069541866
"3","Pericyte","ARHGAP15",8,"Dermis1;Dermis2;Dermis3;SF1;SF2;DD1;DD2;DD3",5.73816669367781,5.25062016161177,2.86183300787294,1,1,39.8591549295775,0.67161971073155,0.0142661867014469,0.0990762069541866
"3","Pericyte","KRT18",8,"Dermis1;Dermis2;Dermis3;SF1;SF2;DD1;DD2;DD3",5.65480269047197,5.51034078635597,3.64910400551695,1,1,15.6338028169014,0.244322448837565,0.0142661867014469,0.0990762069541866
"3","Pericyte","SSTR2",8,"Dermis1;Dermis2;Dermis3;SF1;SF2;DD1;DD2;DD3",5.45180806537674,5.17059098673984,3.64591433879036,1,1,25.5633802816901,0.411141413804428,0.0142661867014469,0.0990762069541866
"3","Pericyte","STEAP4",8,"Dermis1;Dermis2;Dermis3;SF1;SF2;DD1;DD2;DD3",5.25881892016258,5.08780009961763,3.33570466437121,1,1,62.9577464788732,1.30345694705869,0.0142661867014469,0.0990762069541866
"3","Pericyte","CCL19",8,"Dermis1;Dermis2;Dermis3;SF1;SF2;DD1;DD2;DD3",4.8766974196737,4.16502028904861,0.0920463502125912,1,0.875,12.1830985915493,0.337863373073533,0.0142661867014469,0.0990762069541866
"3","Pericyte","NCKAP5",8,"Dermis1;Dermis2;Dermis3;SF1;SF2;DD1;DD2;DD3",4.46860444666328,4.14183507369211,2.98432767515908,1,1,19.6478873239437,0.298628385321861,0.0142661867014469,0.0990762069541866
"3","Pericyte","GUCY1A2",8,"Dermis1;Dermis2;Dermis3;SF1;SF2;DD1;DD2;DD3",4.39314899780753,4.68685437400815,2.49598870727887,1,1,24.6478873239437,0.390594663434803,0.0142661867014469,0.0990762069541866
"3","Pericyte","CLSTN2",8,"Dermis1;Dermis2;Dermis3;SF1;SF2;DD1;DD2;DD3",4.28446533700528,4.24833047241774,2.27227499209402,1,1,16.4788732394366,0.261088555220188,0.0142661867014469,0.0990762069541866
"3","Pericyte","ARHGDIB",8,"Dermis1;Dermis2;Dermis3;SF1;SF2;DD1;DD2;DD3",4.19977904046202,4.06664598451784,2.46389056137607,1,1,59.5774647887324,1.18922982589542,0.0142661867014469,0.0990762069541866
"3","Pericyte","FABP4",8,"Dermis1;Dermis2;Dermis3;SF1;SF2;DD1;DD2;DD3",3.97485757804948,4.04437287967121,2.92061793602448,1,1,47.0422535211268,1.19453351634924,0.0142661867014469,0.0990762069541866
"3","Pericyte","LGI4",8,"Dermis1;Dermis2;Dermis3;SF1;SF2;DD1;DD2;DD3",3.87347519659022,4.04215543283903,3.28643758012403,1,1,80.2816901408451,1.9271621289383,0.0142661867014469,0.0990762069541866
"3","Pericyte","FRMD3",8,"Dermis1;Dermis2;Dermis3;SF1;SF2;DD1;DD2;DD3",3.86210882547788,3.20332020759047,0.449088900861577,1,0.875,16.9718309859155,0.256681191740191,0.0142661867014469,0.0990762069541866
"3","Pericyte","TM4SF1",8,"Dermis1;Dermis2;Dermis3;SF1;SF2;DD1;DD2;DD3",3.62748465253571,3.95525922330649,2.17133649275727,1,1,48.8732394366197,1.03409528176281,0.0142661867014469,0.0990762069541866
"3","Pericyte","CCDC102B",8,"Dermis1;Dermis2;Dermis3;SF1;SF2;DD1;DD2;DD3",3.56075472186927,3.60480979244363,1.92718161776001,1,1,29.7183098591549,0.475406640669613,0.0142661867014469,0.0990762069541866
"3","Pericyte","FHL2",8,"Dermis1;Dermis2;Dermis3;SF1;SF2;DD1;DD2;DD3",3.48240652727719,3.54925983386051,2.80240385596274,1,1,57.5352112676056,1.13573033231182,0.0142661867014469,0.0990762069541866
"3","Pericyte","CAVIN2",8,"Dermis1;Dermis2;Dermis3;SF1;SF2;DD1;DD2;DD3",3.4015220749344,3.55691463990935,1.69308209407247,1,1,25.8450704225352,0.377318251673727,0.0142661867014469,0.0990762069541866
"3","Pericyte","CTSC",8,"Dermis1;Dermis2;Dermis3;SF1;SF2;DD1;DD2;DD3",3.35273604279741,3.47213762789573,2.43141034929922,1,1,46.6901408450704,0.830644882110803,0.0142661867014469,0.0990762069541866
"3","Pericyte","EPHA2",8,"Dermis1;Dermis2;Dermis3;SF1;SF2;DD1;DD2;DD3",3.35107372549011,3.41722545669964,2.44216561012328,1,1,10.4929577464789,0.172968975279201,0.0142661867014469,0.0990762069541866
"3","Pericyte","ANGPT2",8,"Dermis1;Dermis2;Dermis3;SF1;SF2;DD1;DD2;DD3",3.30508441558703,3.47389964264743,2.66337655087165,1,1,34.5070422535211,0.594371451636282,0.0142661867014469,0.0990762069541866
"3","Pericyte","HOPX",8,"Dermis1;Dermis2;Dermis3;SF1;SF2;DD1;DD2;DD3",3.29106883476323,3.41603138492756,1.20088367222512,1,1,29.4366197183099,0.467711928009279,0.0142661867014469,0.0990762069541866
"3","Pericyte","RGS5",8,"Dermis1;Dermis2;Dermis3;SF1;SF2;DD1;DD2;DD3",3.26396813326245,3.252496221253,1.26950083867752,1,1,57.1830985915493,1.81341003578456,0.0142661867014469,0.0990762069541866
"3","Pericyte","FMO3",8,"Dermis1;Dermis2;Dermis3;SF1;SF2;DD1;DD2;DD3",3.21937627530466,3.14695441176184,0.454938567414341,1,0.875,17.0422535211268,0.260135346928101,0.0142661867014469,0.0990762069541866
"3","Pericyte","FAM13C",8,"Dermis1;Dermis2;Dermis3;SF1;SF2;DD1;DD2;DD3",3.17675803413197,3.22497457534352,2.14479761158222,1,1,20.5633802816901,0.320857712064673,0.0142661867014469,0.0990762069541866
"3","Pericyte","SLC9A3R2",8,"Dermis1;Dermis2;Dermis3;SF1;SF2;DD1;DD2;DD3",3.13001600458417,3.19422632357329,1.61828449197048,1,1,36.5492957746479,0.599932605624911,0.0142661867014469,0.0990762069541866
"3","Pericyte","GGT5",8,"Dermis1;Dermis2;Dermis3;SF1;SF2;DD1;DD2;DD3",3.07125953366749,2.95528845149338,1.12066527899324,1,1,62.7464788732394,1.23379734112539,0.0142661867014469,0.0990762069541866
"3","Pericyte","CSRNP3",8,"Dermis1;Dermis2;Dermis3;SF1;SF2;DD1;DD2;DD3",3.06303660026391,2.79069143550411,0.868143522914985,1,1,14.7887323943662,0.215787269989941,0.0142661867014469,0.0990762069541866
"3","Pericyte","INPP4B",8,"Dermis1;Dermis2;Dermis3;SF1;SF2;DD1;DD2;DD3",3.02676049772524,3.07261116410113,0.92886628778547,1,1,23.5211267605634,0.369954236939832,0.0142661867014469,0.0990762069541866
"3","Pericyte","PARM1",8,"Dermis1;Dermis2;Dermis3;SF1;SF2;DD1;DD2;DD3",3.02431470000858,3.09987975303876,2.09650502867088,1,1,32.112676056338,0.513755035383052,0.0142661867014469,0.0990762069541866
"3","Pericyte","REM1",8,"Dermis1;Dermis2;Dermis3;SF1;SF2;DD1;DD2;DD3",2.97182674129679,2.76974414739134,1.51452094609494,1,1,31.056338028169,0.499695591283929,0.0142661867014469,0.0990762069541866
"3","Pericyte","CCL2",8,"Dermis1;Dermis2;Dermis3;SF1;SF2;DD1;DD2;DD3",2.95430917880453,2.64582283869585,0.478529925902285,1,0.875,50.6338028169014,1.51972600675209,0.0142661867014469,0.0990762069541866
"3","Pericyte","FGF13",8,"Dermis1;Dermis2;Dermis3;SF1;SF2;DD1;DD2;DD3",2.95413641120142,3.08110343128615,2.45613081049389,1,1,13.169014084507,0.189043343402308,0.0142661867014469,0.0990762069541866
"3","Pericyte","TCIM",8,"Dermis1;Dermis2;Dermis3;SF1;SF2;DD1;DD2;DD3",2.94534519381044,3.00613670199086,0.870606516569893,1,1,21.9014084507042,0.367621814879148,0.0142661867014469,0.0990762069541866
"3","Pericyte","C2orf40",8,"Dermis1;Dermis2;Dermis3;SF1;SF2;DD1;DD2;DD3",2.85328930151848,2.66708786007289,0.198009613296886,1,0.875,34.2253521126761,0.708587255093397,0.0142661867014469,0.0990762069541866
"3","Pericyte","LINC01197",8,"Dermis1;Dermis2;Dermis3;SF1;SF2;DD1;DD2;DD3",2.82595389411079,3.11846146580398,2.2049791902496,1,1,23.7323943661972,0.360420052971892,0.0142661867014469,0.0990762069541866
"3","Pericyte","GPM6B",8,"Dermis1;Dermis2;Dermis3;SF1;SF2;DD1;DD2;DD3",2.80258150078033,2.7914640031419,1.13316359830075,1,1,25.2816901408451,0.389576336784148,0.0142661867014469,0.0990762069541866
"3","Pericyte","SLC7A2",8,"Dermis1;Dermis2;Dermis3;SF1;SF2;DD1;DD2;DD3",2.80065352471795,2.67969752281687,0.853099363082166,1,1,32.6760563380282,0.542154141910877,0.0142661867014469,0.0990762069541866
"3","Pericyte","LINC00924",8,"Dermis1;Dermis2;Dermis3;SF1;SF2;DD1;DD2;DD3",2.78852711107263,3.11903652468793,0.0502318364390546,1,0.875,14.5774647887324,0.217034029338828,0.0142661867014469,0.0990762069541866
"3","Pericyte","CALCRL",8,"Dermis1;Dermis2;Dermis3;SF1;SF2;DD1;DD2;DD3",2.78212371782231,2.7954201741781,1.09030348204349,1,1,14.2957746478873,0.199810020142609,0.0142661867014469,0.0990762069541866
"3","Pericyte","GJC1",8,"Dermis1;Dermis2;Dermis3;SF1;SF2;DD1;DD2;DD3",2.77847330536667,2.65374865734441,0.65434727959331,1,1,20.2112676056338,0.325277885509831,0.0142661867014469,0.0990762069541866
"3","Pericyte","FAM162B",8,"Dermis1;Dermis2;Dermis3;SF1;SF2;DD1;DD2;DD3",2.75550108846089,3.14352139795312,0.887268183700098,1,1,29.0845070422535,0.469697638094284,0.0142661867014469,0.0990762069541866
"3","Pericyte","SYTL2",8,"Dermis1;Dermis2;Dermis3;SF1;SF2;DD1;DD2;DD3",2.72436872827813,2.40864586464772,0.834902221755711,1,1,36.1267605633803,0.595170638984639,0.0142661867014469,0.0990762069541866
"3","Pericyte","COL5A3",8,"Dermis1;Dermis2;Dermis3;SF1;SF2;DD1;DD2;DD3",2.71626776800085,2.27073790687333,1.20887986786388,1,1,18.943661971831,0.295852166309603,0.0142661867014469,0.0990762069541866
"3","Pericyte","TEX41",8,"Dermis1;Dermis2;Dermis3;SF1;SF2;DD1;DD2;DD3",2.7070723827819,2.57296048445124,1.46027885859842,1,1,27.8169014084507,0.436484907305879,0.0142661867014469,0.0990762069541866
"3","Pericyte","MAOA",8,"Dermis1;Dermis2;Dermis3;SF1;SF2;DD1;DD2;DD3",2.68582149199468,2.35207540642537,0.2351979927882,1,0.875,10.9154929577465,0.15965692129639,0.0142661867014469,0.0990762069541866
"3","Pericyte","PRKAR2B",8,"Dermis1;Dermis2;Dermis3;SF1;SF2;DD1;DD2;DD3",2.68471776020488,2.86689981851681,1.74217249374925,1,1,12.3943661971831,0.195236782936376,0.0142661867014469,0.0990762069541866
"3","Pericyte","SYNPO2",8,"Dermis1;Dermis2;Dermis3;SF1;SF2;DD1;DD2;DD3",2.68365661770928,3.09267752984799,1.73012003598145,1,1,59.8591549295775,1.23074225535925,0.0142661867014469,0.0990762069541866
"3","Pericyte","PCDH9",8,"Dermis1;Dermis2;Dermis3;SF1;SF2;DD1;DD2;DD3",2.66668761094611,2.59242144446369,1.84217280891356,1,1,15.5633802816901,0.246200561027306,0.0142661867014469,0.0990762069541866
"3","Pericyte","MT1F",8,"Dermis1;Dermis2;Dermis3;SF1;SF2;DD1;DD2;DD3",2.60287432228768,2.77427744799683,0.262144590911686,1,0.875,35.4225352112676,0.612038894974805,0.0142661867014469,0.0990762069541866
"3","Pericyte","KCNJ8",8,"Dermis1;Dermis2;Dermis3;SF1;SF2;DD1;DD2;DD3",2.53982397226434,2.94185095797353,0.969757319345066,1,1,33.943661971831,0.56431664988923,0.0142661867014469,0.0990762069541866
"3","Pericyte","ID4",8,"Dermis1;Dermis2;Dermis3;SF1;SF2;DD1;DD2;DD3",2.53647079716201,2.77006431634997,1.45700697246158,1,1,59.0845070422535,1.27200805312529,0.0142661867014469,0.0990762069541866
"3","Pericyte","FAM213A",8,"Dermis1;Dermis2;Dermis3;SF1;SF2;DD1;DD2;DD3",2.49606598317245,2.50513051774207,1.78133306901792,1,1,27.887323943662,0.438936408508227,0.0142661867014469,0.0990762069541866
"3","Pericyte","CSGALNACT1",8,"Dermis1;Dermis2;Dermis3;SF1;SF2;DD1;DD2;DD3",2.48173842732695,2.597526673863,1.93510252050251,1,1,21.056338028169,0.322824147683021,0.0142661867014469,0.0990762069541866
"3","Pericyte","RERG",8,"Dermis1;Dermis2;Dermis3;SF1;SF2;DD1;DD2;DD3",2.48018570642606,2.5473019054611,1.39037531630995,1,1,50,0.856513943323983,0.0142661867014469,0.0990762069541866
"3","Pericyte","THBD",8,"Dermis1;Dermis2;Dermis3;SF1;SF2;DD1;DD2;DD3",2.40698137111299,2.03231379605727,0.162220673628288,1,0.875,14.9295774647887,0.214951435445278,0.0142661867014469,0.0990762069541866
"3","Pericyte","ANO1",8,"Dermis1;Dermis2;Dermis3;SF1;SF2;DD1;DD2;DD3",2.38699574058934,2.63434554578746,1.27618453627945,1,1,20.4929577464789,0.300026465746883,0.0142661867014469,0.0990762069541866
"3","Pericyte","SNRK",8,"Dermis1;Dermis2;Dermis3;SF1;SF2;DD1;DD2;DD3",2.36958899167884,2.16902834951348,1.25604561492413,1,1,15.3521126760563,0.221217665401153,0.0142661867014469,0.0990762069541866
"3","Pericyte","CHN1",8,"Dermis1;Dermis2;Dermis3;SF1;SF2;DD1;DD2;DD3",2.33989876543561,2.05650922551396,0.399339936437005,1,0.875,28.943661971831,0.46941979051174,0.0142661867014469,0.0990762069541866
"3","Pericyte","ANGPT1",8,"Dermis1;Dermis2;Dermis3;SF1;SF2;DD1;DD2;DD3",2.32920275622448,2.30830324732249,1.31804578640203,1,1,19.8591549295775,0.310037272269287,0.0142661867014469,0.0990762069541866
"3","Pericyte","EPS8",8,"Dermis1;Dermis2;Dermis3;SF1;SF2;DD1;DD2;DD3",2.32133268859921,2.47838660298012,1.53570857173588,1,1,67.9577464788732,1.33843838029866,0.0142661867014469,0.0990762069541866
"3","Pericyte","NR2F2",8,"Dermis1;Dermis2;Dermis3;SF1;SF2;DD1;DD2;DD3",2.31479552453738,2.53932829284452,1.71652971794243,1,1,78.169014084507,1.78343793736403,0.0142661867014469,0.0990762069541866
"3","Pericyte","OLFM2",8,"Dermis1;Dermis2;Dermis3;SF1;SF2;DD1;DD2;DD3",2.29418756051505,2.25534746084319,1.07636732214489,1,1,14.1549295774648,0.211790451986994,0.0142661867014469,0.0990762069541866
"3","Pericyte","ITGA7",8,"Dermis1;Dermis2;Dermis3;SF1;SF2;DD1;DD2;DD3",2.2589186667747,2.08508002760565,0.0285867547794432,1,0.875,28.3098591549296,0.46387075601591,0.0142661867014469,0.0990762069541866
"3","Pericyte","PSMB8-AS1",8,"Dermis1;Dermis2;Dermis3;SF1;SF2;DD1;DD2;DD3",2.24722154392906,2.04700822553921,0.941125447938666,1,1,10.2112676056338,0.138917410468028,0.0142661867014469,0.0990762069541866
"3","Pericyte","IFITM1",8,"Dermis1;Dermis2;Dermis3;SF1;SF2;DD1;DD2;DD3",2.24082207176044,2.44628405122872,1.70670898010914,1,1,72.5352112676056,1.5073219092871,0.0142661867014469,0.0990762069541866
"3","Pericyte","SH3RF1",8,"Dermis1;Dermis2;Dermis3;SF1;SF2;DD1;DD2;DD3",2.23434981070415,2.19112879688337,1.11170018626655,1,1,14.6478873239437,0.206255471826001,0.0142661867014469,0.0990762069541866
"3","Pericyte","CYTOR",8,"Dermis1;Dermis2;Dermis3;SF1;SF2;DD1;DD2;DD3",2.20978215719133,2.16537526445516,1.68189868786614,1,1,47.5352112676056,0.826627998423053,0.0142661867014469,0.0990762069541866
"3","Pericyte","RASL11A",8,"Dermis1;Dermis2;Dermis3;SF1;SF2;DD1;DD2;DD3",2.18829640694937,2.42251600590516,1.55060949449497,1,1,18.6619718309859,0.290572574272834,0.0142661867014469,0.0990762069541866
"3","Pericyte","ADAMTS4",8,"Dermis1;Dermis2;Dermis3;SF1;SF2;DD1;DD2;DD3",2.17777046187874,2.24694274768202,1.36217884558734,1,1,16.830985915493,0.291426890672643,0.0142661867014469,0.0990762069541866
"3","Pericyte","NOTCH3",8,"Dermis1;Dermis2;Dermis3;SF1;SF2;DD1;DD2;DD3",2.16942571355202,2.20053244187124,0.978898975144298,1,1,57.3943661971831,1.12911340953444,0.0142661867014469,0.0990762069541866
"3","Pericyte","A2M",8,"Dermis1;Dermis2;Dermis3;SF1;SF2;DD1;DD2;DD3",2.15620106129777,1.981813090078,0.212682343699202,1,0.75,58.8732394366197,1.21251085465982,0.0142661867014469,0.0990762069541866
"3","Pericyte","MYH9",8,"Dermis1;Dermis2;Dermis3;SF1;SF2;DD1;DD2;DD3",2.15168544241215,2.0472199857218,1.34176288674327,1,1,53.5915492957746,0.979795523815053,0.0142661867014469,0.0990762069541866
"3","Pericyte","C20orf27",8,"Dermis1;Dermis2;Dermis3;SF1;SF2;DD1;DD2;DD3",2.14476805608721,2.26689780947626,1.40527526643581,1,1,41.056338028169,0.693672120785168,0.0142661867014469,0.0990762069541866
"3","Pericyte","NCK2",8,"Dermis1;Dermis2;Dermis3;SF1;SF2;DD1;DD2;DD3",2.14404270942389,1.8469238107539,0.0275716550833121,1,0.875,16.6901408450704,0.232662104658815,0.0142661867014469,0.0990762069541866
"3","Pericyte","TINAGL1",8,"Dermis1;Dermis2;Dermis3;SF1;SF2;DD1;DD2;DD3",2.12961101695572,2.36823712924784,0.842284771455802,1,1,78.6619718309859,1.82935748562081,0.0142661867014469,0.0990762069541866
"3","Pericyte","AVPR1A",8,"Dermis1;Dermis2;Dermis3;SF1;SF2;DD1;DD2;DD3",2.11906190715126,2.83092764019306,1.41619774064097,1,1,21.3380281690141,0.346162393032743,0.0142661867014469,0.0990762069541866
"3","Pericyte","MRVI1",8,"Dermis1;Dermis2;Dermis3;SF1;SF2;DD1;DD2;DD3",2.09823897529893,2.1875240287245,1.01293038013719,1,1,21.4788732394366,0.333189743079072,0.0142661867014469,0.0990762069541866
"3","Pericyte","COL4A2",8,"Dermis1;Dermis2;Dermis3;SF1;SF2;DD1;DD2;DD3",2.07797227328769,1.84236380901326,0.215030509674834,1,0.875,47.887323943662,0.952661020517165,0.0142661867014469,0.0990762069541866
"3","Pericyte","FHL5",8,"Dermis1;Dermis2;Dermis3;SF1;SF2;DD1;DD2;DD3",2.0778923258275,2.45998791289218,1.27858197196103,1,1,28.169014084507,0.433752721209183,0.0142661867014469,0.0990762069541866
"3","Pericyte","ISYNA1",8,"Dermis1;Dermis2;Dermis3;SF1;SF2;DD1;DD2;DD3",2.05429902281149,1.8416981628996,0.560850223071308,1,1,45.2112676056338,0.80657483526692,0.0142661867014469,0.0990762069541866
"3","Pericyte","COL18A1",8,"Dermis1;Dermis2;Dermis3;SF1;SF2;DD1;DD2;DD3",2.01232278201342,1.93005055720853,1.22991131095642,1,1,62.1830985915493,1.32162982913354,0.0142661867014469,0.0990762069541866
"3","Pericyte","PAWR",8,"Dermis1;Dermis2;Dermis3;SF1;SF2;DD1;DD2;DD3",1.98938041322739,1.93178623298074,0.483658866122584,1,0.875,25.7042253521127,0.397155588504893,0.0142661867014469,0.0990762069541866
"3","Pericyte","BST2",8,"Dermis1;Dermis2;Dermis3;SF1;SF2;DD1;DD2;DD3",1.9551274607188,2.27965799835232,0.978777607316557,1,1,40,0.656080475823182,0.0142661867014469,0.0990762069541866
"3","Pericyte","RDH5",8,"Dermis1;Dermis2;Dermis3;SF1;SF2;DD1;DD2;DD3",1.94736084057147,1.91124263003282,1.18301765331457,1,1,10.9154929577465,0.152613280013758,0.0142661867014469,0.0990762069541866
"3","Pericyte","EBF2",8,"Dermis1;Dermis2;Dermis3;SF1;SF2;DD1;DD2;DD3",1.93696074520925,2.16498651085847,0.831388149910152,1,1,19.1549295774648,0.290849899453109,0.0142661867014469,0.0990762069541866
"3","Pericyte","NR2F2-AS1",8,"Dermis1;Dermis2;Dermis3;SF1;SF2;DD1;DD2;DD3",1.92232064750995,1.88792698941801,0.294336592617789,1,0.875,19.2957746478873,0.29734960604466,0.0142661867014469,0.0990762069541866
"3","Pericyte","MYO1B",8,"Dermis1;Dermis2;Dermis3;SF1;SF2;DD1;DD2;DD3",1.91605367537675,1.88319735176225,1.0835611405747,1,1,35.7746478873239,0.594674910750201,0.0142661867014469,0.0990762069541866
"3","Pericyte","MT1A",8,"Dermis1;Dermis2;Dermis3;SF1;SF2;DD1;DD2;DD3",1.89156771268967,1.94401464809309,0.424656190807383,1,0.875,29.5070422535211,0.642785143754327,0.0142661867014469,0.0990762069541866
"3","Pericyte","ABCC9",8,"Dermis1;Dermis2;Dermis3;SF1;SF2;DD1;DD2;DD3",1.88932113517648,2.58490274605829,1.32637443407203,1,1,34.9295774647887,0.601477019011384,0.0142661867014469,0.0990762069541866
"3","Pericyte","APOLD1",8,"Dermis1;Dermis2;Dermis3;SF1;SF2;DD1;DD2;DD3",1.8724255084956,1.86631134849239,0.140899343910703,1,0.875,14.0845070422535,0.208643016979045,0.0142661867014469,0.0990762069541866
"3","Pericyte","SASH1",8,"Dermis1;Dermis2;Dermis3;SF1;SF2;DD1;DD2;DD3",1.86564447101362,1.81390853878349,0.716636334107533,1,1,22.9577464788732,0.36635021031332,0.0142661867014469,0.0990762069541866
"3","Pericyte","ZEB2",8,"Dermis1;Dermis2;Dermis3;SF1;SF2;DD1;DD2;DD3",1.85621400921762,1.94479428340014,1.58327953857754,1,1,57.7464788732394,1.07469105650924,0.0142661867014469,0.0990762069541866
"3","Pericyte","HLA-B",8,"Dermis1;Dermis2;Dermis3;SF1;SF2;DD1;DD2;DD3",1.85171925721314,1.8425964403903,1.30161611854915,1,1,94.0845070422535,2.88170828812714,0.0142661867014469,0.0990762069541866
"3","Pericyte","RCSD1",8,"Dermis1;Dermis2;Dermis3;SF1;SF2;DD1;DD2;DD3",1.84870185028696,2.2320939911143,1.08153607172842,1,1,12.2535211267606,0.168211322367224,0.0142661867014469,0.0990762069541866
"3","Pericyte","HLA-F",8,"Dermis1;Dermis2;Dermis3;SF1;SF2;DD1;DD2;DD3",1.79214905868045,1.84966577217164,0.988463877316411,1,1,25.1408450704225,0.38142085646804,0.0142661867014469,0.0990762069541866
"3","Pericyte","HSPA2",8,"Dermis1;Dermis2;Dermis3;SF1;SF2;DD1;DD2;DD3",1.78164852902076,1.5978691923962,0.0230260325097085,1,0.875,20.9859154929577,0.313089762121891,0.0142661867014469,0.0990762069541866
"3","Pericyte","FGF7",8,"Dermis1;Dermis2;Dermis3;SF1;SF2;DD1;DD2;DD3",1.76662633592906,1.69294213476165,0.626037808335069,1,1,54.1549295774648,1.16862198885113,0.0142661867014469,0.0990762069541866
"3","Pericyte","NTHL1",8,"Dermis1;Dermis2;Dermis3;SF1;SF2;DD1;DD2;DD3",1.75262323053038,1.65247666188876,1.18038260165528,1,1,13.6619718309859,0.185473165869729,0.0142661867014469,0.0990762069541866
