"module","gene","step06_candidate_tier","myofib_percent_cells_expressing","myofib_mean_log_normalized_expression","DD_samples","median_Myofib_minus_FB","minimum_Myofib_minus_FB","positive_fraction_vs_FB","median_Myofib_minus_VSMC","minimum_Myofib_minus_VSMC","positive_fraction_vs_VSMC","median_Myofib_minus_Pericyte","minimum_Myofib_minus_Pericyte","positive_fraction_vs_Pericyte","minimum_difference_over_all_donors_and_identities","specificity_class"
"myofib_positive_control","POSTN","not_in_step06_shortlist",NA,NA,3,7.58381336878275,5.82516260711847,1,12.7690431580037,11.3386667668628,1,6.03569496992232,4.86819974813342,1,4.86819974813342,"robust_Myofib_over_all_three_identities"
"myofib_positive_control","SCX","not_in_step06_shortlist",NA,NA,3,4.33869123261483,3.92006323856223,1,7.91745432046903,6.91298672366274,1,6.06244630050615,5.45922237030233,1,3.92006323856223,"robust_Myofib_over_all_three_identities"
"myofib_positive_control","PDPN","not_in_step06_shortlist",NA,NA,3,2.64146006995022,1.72162605843741,1,8.90277647813612,6.5564519525928,1,6.32860094030445,5.26120975917395,1,1.72162605843741,"robust_Myofib_over_all_three_identities"
"integrin_focal_adhesion","ITGAV","A_consistent_DD_myofib_enrichment",75,0.933606556867344,3,1.33633349892363,1.3176149685599,1,2.59967327028105,2.27605400644011,1,2.34286505122545,1.99266324484952,1,1.3176149685599,"robust_Myofib_over_all_three_identities"
"integrin_focal_adhesion","ITGB1","A_consistent_DD_myofib_enrichment",98.0150753768844,2.65979143781518,3,1.97265139623291,1.82070374457751,1,1.54381363687365,1.34095919045922,1,1.43883425816567,1.00177507415588,1,1.00177507415588,"robust_Myofib_over_all_three_identities"
"integrin_focal_adhesion","ITGA2","B_partial_support",6.03015075376884,0.0509680139618568,3,1.59982984374039,0.870189757035104,1,3.49972580921526,3.21696489867185,1,4.23688973269017,3.21696489867185,1,0.870189757035104,"robust_Myofib_over_all_three_identities"
"mechanosensor_channels","PIEZO2","A_consistent_DD_myofib_enrichment",26.9849246231156,0.236336722855751,3,1.23564440072114,0.727994081495894,1,6.25080855579111,5.64140454795066,1,3.14097243195236,2.35559265163293,1,0.727994081495894,"robust_Myofib_over_all_three_identities"
"myofib_positive_control","FAP","not_in_step06_shortlist",NA,NA,3,1.022240953794,0.716185153869699,1,6.06647987506459,5.60002841075175,1,3.40244905122816,3.19775595189832,1,0.716185153869699,"robust_Myofib_over_all_three_identities"
"integrin_focal_adhesion","PARVA","A_consistent_DD_myofib_enrichment",63.0904522613065,0.631256003768288,3,0.664761007704452,0.655039327906664,1,2.23056232741665,1.47130949482157,1,0.988195813502222,0.780319561801828,1,0.655039327906664,"robust_Myofib_over_all_three_identities"
"mechanosensor_channels","TRPV4","C_no_specific_enrichment",2.8391959798995,0.0171361095016417,3,0.630284380241682,0.619177779340281,1,2.34662442315404,1.87545124762575,1,2.34662442315404,1.43037170653958,1,0.619177779340281,"robust_Myofib_over_all_three_identities"
"hippo_yap_taz","NF2","A_consistent_DD_myofib_enrichment",24.5226130653266,0.186612097490528,3,0.676269203039121,0.66978360313263,1,1.56805697979052,1.4237377202184,1,1.04484592526715,0.533221082259383,1,0.533221082259383,"robust_Myofib_over_all_three_identities"
"integrin_focal_adhesion","ITGA5","A_consistent_DD_myofib_enrichment",47.8894472361809,0.418451977095476,3,0.770601113596971,0.513891866574166,1,3.56838265786217,2.94878423044752,1,1.93178665426397,1.17993126387476,1,0.513891866574166,"robust_Myofib_over_all_three_identities"
"actomyosin_rho","CFL1","A_consistent_DD_myofib_enrichment",96.8090452261306,2.42518683312178,3,0.848052950810803,0.647943459671165,1,0.613161426232402,0.48150827244273,1,0.607966961684665,0.42326042743637,1,0.42326042743637,"robust_Myofib_over_all_three_identities"
"actomyosin_rho","LIMK1","A_consistent_DD_myofib_enrichment",22.6884422110553,0.174307711074529,3,1.1266411990997,0.234822390927329,1,4.99276766987349,3.35438144279638,1,2.76834418667,2.11616917068101,1,0.234822390927329,"robust_Myofib_over_all_three_identities"
"mechanosensor_channels","TMEM63B","A_consistent_DD_myofib_enrichment",17.5376884422111,0.136433225800105,3,0.781487812044132,0.406095801704242,1,1.99577966262229,1.71569556319147,1,0.347579162310204,0.225123747737889,1,0.225123747737889,"robust_Myofib_over_all_three_identities"
"mechanosensor_channels","PANX1","B_partial_support",12.2361809045226,0.0879345518401958,3,0.41839109234951,0.129370989723882,1,1.52101899656493,1.31573435657366,1,1.5011158160006,1.38768773911955,1,0.129370989723882,"robust_Myofib_over_all_three_identities"
"actomyosin_rho","CNN2","A_consistent_DD_myofib_enrichment",47.0854271356784,0.431773810634554,3,1.02527691488289,0.527277418531023,1,0.246377788581312,0.167457003659838,1,0.207756269417287,0.125354290794189,1,0.125354290794189,"robust_Myofib_over_all_three_identities"
"actomyosin_rho","CDC42","B_partial_support",86.5829145728643,1.26728540086909,3,0.200406001778298,0.109464210455107,1,0.307750143650928,0.179929913701788,1,0.615674508667308,0.302319297741315,1,0.109464210455107,"robust_Myofib_over_all_three_identities"
"hippo_yap_taz","TEAD1","B_partial_support",25.9045226130653,0.205855075401145,3,0.37795716193139,0.0879163468683197,1,1.99065593974829,1.38992937802548,1,0.491327200437862,0.395244895096575,1,0.0879163468683197,"robust_Myofib_over_all_three_identities"
"integrin_focal_adhesion","FERMT2","B_partial_support",59.4472361809045,0.582622014265601,3,0.18617847377481,0.00709043083923788,1,0.128673413262427,0.00762891458206649,1,0.167575544019312,0.124921195675285,1,0.00709043083923788,"robust_Myofib_over_all_three_identities"
"hippo_yap_taz","TEAD2","A_consistent_DD_myofib_enrichment",29.9497487437186,0.237206339039127,3,1.21892930760919,0.899919046646186,1,0.639051014710087,0.0368656512324241,1,-0.014935297033456,-0.140381350430087,0.333333333333333,-0.140381350430087,"robust_over_FB_but_not_all_identities"
"integrin_focal_adhesion","BCAR1","A_consistent_DD_myofib_enrichment",44.2964824120603,0.375342958158974,3,1.25337196304295,0.770789515278601,1,0.667998413050867,0.523273590826121,1,0.3691733732922,-0.192749788761355,0.666666666666667,-0.192749788761355,"robust_over_FB_but_not_all_identities"
"actomyosin_rho","PFN1","A_consistent_DD_myofib_enrichment",97.1105527638191,2.37253341002717,3,0.871761768888126,0.730348696306686,1,0.355437879025688,-0.261668044496115,0.666666666666667,0.809105857134302,0.748821128561854,1,-0.261668044496115,"robust_over_FB_but_not_all_identities"
"actomyosin_rho","RAC1","B_partial_support",94.4472361809045,1.77930378984188,3,0.0347834712395407,0.0205347782227747,1,-0.0725684999530056,-0.107970281110065,0,-0.226764419480455,-0.291861182310873,0,-0.291861182310873,"robust_over_FB_but_not_all_identities"
"mechanosensor_channels","PKD2","A_consistent_DD_myofib_enrichment",35.7537688442211,0.296008604093436,3,0.629495413057565,0.537353332896445,1,1.24051845238296,0.676187185384459,1,0.443483736656924,-0.379671993092543,0.666666666666667,-0.379671993092543,"robust_over_FB_but_not_all_identities"
"integrin_focal_adhesion","ILK","A_consistent_DD_myofib_enrichment",80.8040201005025,1.04078866919359,3,0.70278671900491,0.624081279866592,1,-0.409332940064587,-0.443819903164526,0,0.545759673077445,0.251139306352078,1,-0.443819903164526,"robust_over_FB_but_not_all_identities"
"actomyosin_rho","TPM1","A_consistent_DD_myofib_enrichment",94.4974874371859,2.18118998172267,3,2.06441943550512,1.56793443800171,1,-0.424094001583745,-0.524536067177015,0,0.453629507383939,-0.151620865862897,0.666666666666667,-0.524536067177015,"robust_over_FB_but_not_all_identities"
"hippo_yap_taz","TEAD4","B_partial_support",6.48241206030151,0.047538592423172,3,1.84439147410534,1.053402921485,1,-0.391338902604689,-0.568952960715139,0.333333333333333,-0.697047922561852,-0.997437493959862,0.333333333333333,-0.997437493959862,"robust_over_FB_but_not_all_identities"
"integrin_focal_adhesion","VCL","A_consistent_DD_myofib_enrichment",53.4924623115578,0.488499779462309,3,0.564535640203975,0.154973442110597,1,-0.340429371131957,-1.00029060964078,0,-0.69612826131337,-0.732373455114569,0,-1.00029060964078,"robust_over_FB_but_not_all_identities"
"integrin_focal_adhesion","ITGA8","A_consistent_DD_myofib_enrichment",41.6582914572864,0.373860017300772,3,3.14412291165826,2.14662204041668,1,0.0836572879322857,-1.24016414815096,0.666666666666667,2.67425596684029,1.35914048331937,1,-1.24016414815096,"robust_over_FB_but_not_all_identities"
"integrin_focal_adhesion","TLN1","B_partial_support",58.2914572864322,0.563394933534653,3,0.166054592276525,0.0194329761900081,1,-1.40789213267614,-1.42202707397311,0,-0.576671871931227,-0.849657799693315,0,-1.42202707397311,"robust_over_FB_but_not_all_identities"
"hippo_yap_taz","TEAD3","A_consistent_DD_myofib_enrichment",14.0452261306533,0.101063619212271,3,1.01221055841544,0.734722358904817,1,-1.02767531633449,-1.83946575882765,0,-0.358237193496557,-1.66559138706965,0,-1.83946575882765,"robust_over_FB_but_not_all_identities"
"actomyosin_rho","TAGLN","A_consistent_DD_myofib_enrichment",87.7386934673367,2.37317235360422,3,2.91677917896867,2.53210551921549,1,-2.45177149442632,-2.89836436882326,0,-1.31967656405359,-2.44893096268562,0,-2.89836436882326,"robust_over_FB_but_not_all_identities"
"actomyosin_rho","TPM2","A_consistent_DD_myofib_enrichment",87.6884422110553,1.53231406080753,3,2.03787264343995,1.85335557154436,1,-2.96771764079379,-3.02943655947044,0,-1.09631696294983,-1.52448836941119,0,-3.02943655947044,"robust_over_FB_but_not_all_identities"
"actomyosin_rho","MYL9","A_consistent_DD_myofib_enrichment",90.0251256281407,1.58343538439236,3,0.685672329153517,0.577633808258348,1,-3.34559594487224,-3.40169177171319,0,-1.98891318526911,-2.52429105950747,0,-3.40169177171319,"robust_over_FB_but_not_all_identities"
"actomyosin_rho","CNN1","A_consistent_DD_myofib_enrichment",23.7185929648241,0.188960962812576,3,3.92367327003759,3.07096541386027,1,-3.38587437084351,-4.31408783114258,0,-1.42259175337361,-1.60200754826411,0,-4.31408783114258,"robust_over_FB_but_not_all_identities"
"actomyosin_rho","ACTA2","A_consistent_DD_myofib_enrichment",62.4874371859297,0.798825585655452,3,2.39580876832058,2.20229484911382,1,-4.35474443120735,-4.41635887991814,0,-2.83423057022812,-3.13480478935723,0,-4.41635887991814,"robust_over_FB_but_not_all_identities"
"actomyosin_rho","MYLK","A_consistent_DD_myofib_enrichment",22.3115577889447,0.195138510127727,3,0.723116710609583,0.271417781699297,1,-3.79752153458414,-4.65466182461732,0,-3.44098491436979,-4.53954634794548,0,-4.65466182461732,"robust_over_FB_but_not_all_identities"
"mechanosensor_channels","TRPA1","C_no_specific_enrichment",0,0,3,0,0,0,0,0,0,0,0,0,0,"donor_or_identity_dependent"
"hippo_yap_taz","WWTR1","B_partial_support",52.3618090452261,0.484660011547739,3,1.08797669727459,-0.0121193558462016,0.666666666666667,1.32466573011415,0.533490629256823,1,1.31556315258815,0.719460581226329,1,-0.0121193558462016,"donor_or_identity_dependent"
"mechanosensor_channels","PKD1","B_partial_support",37.9145728643216,0.32968207517137,3,0.152105202094978,-0.340503378429694,0.666666666666667,1.0555908069636,0.718301695669115,1,0.994234465103388,0.806090755661506,1,-0.340503378429694,"donor_or_identity_dependent"
"integrin_focal_adhesion","TLN2","B_partial_support",15.5025125628141,0.114004811152139,3,0.135537812117344,-0.536285026401899,0.666666666666667,2.96029375866163,2.72154410234052,1,2.10520556150282,2.00862708891288,1,-0.536285026401899,"donor_or_identity_dependent"
"hippo_yap_taz","YAP1","B_partial_support",29.8241206030151,0.234764471438417,3,0.0110355320729436,-0.437239010421218,0.666666666666667,-0.427263024091228,-0.510847376396971,0.333333333333333,-0.182696356147738,-0.780858645665297,0,-0.780858645665297,"donor_or_identity_dependent"
"mechanosensor_channels","P2RX4","C_no_specific_enrichment",15.1758793969849,0.110094852957597,3,-0.235566781853255,-0.432845367781082,0.333333333333333,0.120580311601803,0.0350594496956749,1,-0.347005215884447,-0.832561576150314,0,-0.832561576150314,"donor_or_identity_dependent"
"mechanosensor_channels","ASIC2","C_no_specific_enrichment",0.150753768844221,0.000790093895459776,3,0,-0.196165295656664,0.333333333333333,0,-1.05841873077807,0.333333333333333,0.374089057540959,0,0.666666666666667,-1.05841873077807,"donor_or_identity_dependent"
"mechanosensor_channels","PIEZO1","C_no_specific_enrichment",8.34170854271357,0.0624194816813093,3,-0.834420047222558,-1.10233634964847,0,1.88240669442636,1.79062306040496,1,1.18034293495416,-0.0302475642598674,0.666666666666667,-1.10233634964847,"donor_or_identity_dependent"
"mechanosensor_channels","TRPC1","C_no_specific_enrichment",4.49748743718593,0.0319239669131902,3,-0.746391697208074,-0.8730177909186,0,-0.70199575551689,-1.26838222024564,0.333333333333333,-0.739857938146764,-0.902790498734262,0,-1.26838222024564,"donor_or_identity_dependent"
"mechanosensor_channels","ASIC1","C_no_specific_enrichment",2.46231155778894,0.0143374159892211,3,-0.172102364502637,-1.34937260707211,0,1.49602273820527,0.905132451763454,1,0.648634257856471,0.043864714674681,1,-1.34937260707211,"donor_or_identity_dependent"
"mechanosensor_channels","KCNK4","C_no_specific_enrichment",0.50251256281407,0.00311693435216377,3,-0.242560203202934,-1.56782353184506,0,1.1777962839458,0.799130765191471,1,1.1777962839458,0.799130765191471,1,-1.56782353184506,"donor_or_identity_dependent"
"mechanosensor_channels","KCNK2","C_no_specific_enrichment",1.93467336683417,0.0142655919588396,3,-0.945254661584016,-1.59318071641071,0,2.86776064285326,1.80879002088738,1,1.80879002088738,1.74222865399346,1,-1.59318071641071,"donor_or_identity_dependent"
"mechanosensor_channels","ASIC3","C_no_specific_enrichment",0.376884422110553,0.0027194091820088,3,-0.888563495001508,-1.51215069864852,0,0.53010216293695,0,0.666666666666667,0,-1.6439805373496,0.333333333333333,-1.6439805373496,"donor_or_identity_dependent"
"actomyosin_rho","FLNA","B_partial_support",79.8994974874372,1.01501991610545,3,0.425802383890232,-0.0641651858129002,0.666666666666667,-1.48790160362241,-1.85628030029338,0,-0.266692950307871,-0.696097431418915,0,-1.85628030029338,"donor_or_identity_dependent"
"FB_control","PDGFRA","not_in_step06_shortlist",NA,NA,3,-0.90840678558632,-1.90057778165856,0,6.03980486676165,5.92125928960973,1,3.71172760386946,3.64443465680025,1,-1.90057778165856,"donor_or_identity_dependent"
"mechanosensor_channels","P2RX7","C_no_specific_enrichment",1.23115577889447,0.00838198059894303,3,-1.37002519420291,-1.94229806905783,0,-1.04322138811615,-1.70464271138352,0.333333333333333,-1.80716577275821,-1.85396322571773,0,-1.94229806905783,"donor_or_identity_dependent"
"mechanosensor_channels","TRPC3","C_no_specific_enrichment",0.477386934673367,0.00335692503581521,3,0,-0.111398793874033,0.333333333333333,-1.94287197145328,-2.04402593046505,0,-0.545927435459432,-1.22720398045756,0.333333333333333,-2.04402593046505,"donor_or_identity_dependent"
"mechanosensor_channels","TMEM150C","C_no_specific_enrichment",3.21608040201005,0.0222286381066967,3,-1.94112992185745,-2.23712562506162,0,2.64346971947683,2.61007638163791,1,1.95616471183998,0.432932633419431,1,-2.23712562506162,"donor_or_identity_dependent"
"mechanosensor_channels","TMEM63A","C_no_specific_enrichment",5.75376884422111,0.0376289461533939,3,-0.770219072197042,-3.00443303464303,0,-1.56863601829749,-2.66115834411129,0,-1.14547473950521,-2.93418858914368,0,-3.00443303464303,"donor_or_identity_dependent"
"mechanosensor_channels","TRPC6","C_no_specific_enrichment",0.226130653266332,0.00169445063021141,3,-0.49820345839769,-1.22636743857079,0.333333333333333,-4.60826224705611,-4.74571558559227,0,-5.58890639787215,-5.97693280137247,0,-5.97693280137247,"donor_or_identity_dependent"
"FB_control","APOD","not_in_step06_shortlist",NA,NA,3,-11.0558153272161,-11.8538704993699,0,-0.317289437731286,-2.55903571601118,0.333333333333333,-1.90320745183702,-2.7611389943208,0.333333333333333,-11.8538704993699,"donor_or_identity_dependent"
